0.0,0.0,0.0,0.0,0.0,0.0,0.0,0.0,0.0,0.0,0.0,0.0,0.0,0.0,0.0,0.0,0.0,0.0,0.0,0.0,0.0,5.4,0.0,0.0,6.2,6.1,6.4,8.1,8.6,0,0,0,0,0,0,0,0,0,0,0,0,0,0,0,0,0,0,0,0,0,0,0,0,0,0,181,163,165,254,221,249,266,262,196,181,221,177,175,172,188,226,262
0.0,0.0,0.0,0.0,0.0,0.0,0.0,0.0,0.0,0.0,0.0,0.0,0.0,0.0,0.0,0.0,0.0,0.0,0.0,0.0,0.0,0.0,0.0,0.0,0.0,0.0,0.0,0.0,0.0,0.0,0.0,0.0,0.0,0.0,0.0,0.0,0.0,0.0,0.0,0.0,277,285,201,154,141,135,125,113,78.7,74.4,86.1,95.3,108,108,121,133,138,169,209,246,195,209,208,203,192,186,162,156,162,175,197,216
0.0,0.0,0.0,0.0,0.0,0.0,0.0,0.0,0.0,0.0,0.0,0.0,0.0,0.0,0.0,0.0,0.0,0.0,0.0,0.0,242,226,222,214,222,426,475,662,577,625,619,704,625,722,726,682,638,628,640,634,619,662,677,1134,1219,1483,1437,1636,1968,2081,2196,2548,2789,2850,2789,3172,3321,3404,3994,4654,5054,5349,7655,8056,8701,10021,10484,10515,9959,9551,10304,9958
0.0,0.0,0.0,0.0,0.0,0.0,0.0,0.0,0.0,0.0,0.0,0.0,0.0,0.0,0.0,0.0,0.0,0.0,0.0,0.0,0.0,0.0,0.0,0,0,0,0,0,0,0,0,0,0,0,0,0,0,0,0,218,279,243,145,127,2038,0,955,715,1147,354,4520,2094,1262,1293,1708,1625,2303,2705,2373,3212,3125,3344,3131,3286,4488,4790,2825,2257,1952,1610,1471,1301
3868,3066,2078,2116,2760,2629,2655,2485,4411,2375,1337,2002,2438,2361,2407,2023,1951,2018,2247,2716,3316,3183,3285,3379,3540,3603,4574,8264,8753,9353,9718,8649,9206,7934,9071,7117,6576,6550,6533,6531,5308,3605,3617,3425,3232,3458,3390,3008,2958,2982,3073,2927,2883,2457,2531,2604,2736,2821,3051,3032,3268,3233,3187,3148,3527,3649,3613,3515,3870,3443,3133,3143
0.0,0.0,0.0,0.0,0.0,0.0,0.0,0.0,0.0,0.0,0.0,0.0,0.0,0.0,0.0,0.0,0.0,0.0,0.0,0.0,0.0,0.0,0.0,0.0,0.0,0.0,0.0,0.0,0.0,0.0,0.0,0.0,0.0,0.0,0.0,0.0,0.0,0.0,0.0,0.0,0.0,0.0,0.0,141.2,52.1,0.0,129,111,141,139,150,152,147,146,168,185,227,268,314,364,380,397,364,372,419,426,461,453,464,523,652,635
0.0,2793,4012,5124,5158,4626,4698,4553,4370,4330,4355,4284,4281,4461,5017,5809,6709,8164,9605,10323,9979,9330,9067,9071,8689,8569,8708,8841,8888,8986,9286,9765,10427,10962,11340,12226,12819,12893,12455,12013,11911,11970,12174,12529,13004,13150,12737,12581,12807,13434,14091,14053,14609,15237,15521,16161,16725,17619,18702,19383,20844,21086,20794,20065,19891,21588,23797,26059,26012,25391,26079,27618
0,0,0,0,0,0,0,0,1217,1385,1371,1285,1234,1299,1592,2003,1658,1904,1929,1934,1990,1970,1896,1966,2042,2287,2542,2595,2677,2901,3082,3080,2985,3114,3162,3191,3491,3605,3466,3276,3242,3279,3294,3198,3229,3243,3214,3184,3191,3200,3265,3344,3116,3061,3188,3194,3125,3002,3570,3459,3230,3212,3139,3097,2977,3001,2870,3089,3243,3263,3238,3494
0.0,0.0,0.0,0.0,0.0,0.0,0.0,0.0,0.0,0.0,0.0,0.0,0.0,0.0,0.0,0.0,0.0,0.0,0.0,0.0,0.0,0.0,0.0,0.0,0.0,0.0,0.0,0.0,0.0,0.0,0.0,0.0,0.0,0.0,0.0,0.0,0.0,0.0,0.0,0.0,0.0,0.0,0.0,200,211,106,88,78,89,102,132,141,159,171,213,259,303,622,972,1308,1155,1094,2081,2159,2184,2192,2330,1554,1631,1716,1854,2173
0.0,0.0,0.0,0.0,0.0,0.0,0.0,0.0,0.0,0.0,0.0,0.0,0.0,0.0,0.0,0.0,0.0,0.0,0.0,0.0,0.0,0.0,82.0,78.0,83.1,103.7,55.8,72.9,95.2,231,302,320,391,467,268,240,250,272,277,322,333,362,396,420,410,414,430,458,447,460,515,511,536,643,735,741,697,764,828,896,1003,1001,1232,1372,1514,1615,1550,1574,1580,1543,1558,1405
0.0,0.0,0.0,0.0,0.0,0.0,0.0,0.0,0.0,0.0,0.0,0.0,0.0,0.0,0.0,0.0,0.0,0.0,0.0,0.0,0.0,0.0,0.0,0.0,195,221,227,401,484,432,410,431,456,527,672,661,608,663,712,782,856,851,867,997,1083,1215,1250,1305,1389,1409,1460,1525,1523,1478,1483,1511,1531,1648,1735,1714,2000,2408,2552,2684,2675,2859,3230,3550,3459,3808,4349,4335
0.0,0.0,0.0,0.0,0.0,0.0,0.0,0.0,0.0,0.0,0.0,0.0,0.0,0.0,0.0,0.0,0.0,0.0,0.0,0.0,0.0,0.0,0.0,0.0,0.0,0.0,0.0,0.0,0.0,0.0,0.0,0.0,0.0,0.0,0.0,0.0,0.0,0.0,0.0,0.0,0.0,0.0,0.0,254,361,362,143,110,180,168,168,186,232,241,244,295,384,499,545,558,494,556,597,671,718,729,710,668,642,730,774,785
2074,2092,3095,4574,4554,4698,3891,3783,3945,3886,3917,4004,4048,4308,4441,4766,4614,4983,5225,5409,5445,5804,6049,6376,6667,6760,7361,7746,7946,8477,8663,8831,8909,8614,8273,7921,7829,8152,8203,7860,7738,7592,7484,6146,5836,5804,5685,5577,5507,5506,5577,5577,5332,5170,5226,5117,4931,4893,5279,5756,5421,5192,5010,4954,4828,4749,4573,4555,4557,4657,4761,5330
0.0,0.0,0.0,0.0,0.0,0.0,0.0,0.0,0.0,0.0,0.0,0.0,0.0,0.0,0.0,0.0,0.0,0.0,0.0,0.0,0.0,0.0,0.0,0.0,0.0,0.0,0.0,0.0,0.0,0.0,0.0,0.0,4.7,5.4,5.8,6.3,5.9,0.0,0.0,0.0,7.3,7.8,7.6,8.3,9.5,12.0,11.9,11.0,12.9,0.0,0.0,9.9,10.2,10.5,11.2,12.1,13.1,14.5,15.8,20.2,18.9,16.6,16.4,16.0,18.6,20.6,20.6,22.5,23.6,24.5,24.5,24.3
0.0,0.0,0.0,0.0,0.0,0.0,0.0,0.0,0.0,0.0,0.0,0.0,0.0,0.0,0.0,0.0,0.0,0.0,0.0,0.0,0.0,15.9,15.9,17.3,18.8,17.8,16.9,14.8,19.6,14.0,24.8,29.8,27.6,30.9,41.0,51.0,48.3,49.2,58.6,58.3,48.3,46.9,0.0,0.0,0.0,0.0,0.0,0.0,0.0,0.0,29.1,26.2,23.5,43.2,47.2,51.4,52.1,52.1,0.0,56.5,0.0,0.0,0.0,68.8,72.9,79.3,92.6,81.9,115.8,84.8,68.1,68.8
0.0,0.0,0.0,0.0,55.3,0.0,37.7,27.9,32.1,0.0,0.0,0.0,52.1,51.8,64.3,0.0,0.0,0.0,0.0,81.9,84.7,111.7,101.8,140,163,188,256,280,285,344,359,389,442,268,187,295,317,261,271,240,261,354,345,330,259,318,313,308,373,461,368,367,411,384,429,415,401,405,450,538,534,493,547,645,689,722,638,591,600,630,598,598
0.0,0.0,0.0,0.0,0.0,0.0,0.0,0,0,0,0,0,0,0,0,0,0,0,0,0,0,0,0,0,0,0,0,0,0,0,0,0,0,0,0,0,0,0,0,0,0,0,0,0,0,0,0,0,0,0,0,0,0,369,257,230,192,185,183,190,209,195,173,170,165,161,166,164,158,164,165,166
0.0,0.0,0.0,0.0,0.0,0.0,0.0,0.0,0.0,0.0,0.0,0.0,0.0,0.0,0.0,0.0,0.0,0.0,0.0,0.0,0.0,0.0,0.0,0.0,0.0,0.0,0.0,0.0,15.4,35.2,52.8,57.9,52.4,43.8,43.9,51.1,55.7,81.7,143.0,183,198,249,267,248,260,239,217,201,231,283,269,298,365,389,375,347,314,309,341,365,352,330,319,297,290,336,407,572,534,486,515,571
0.0,0.0,0.0,0.0,1687,0,0,0,2545,2547,2021,1855,1730,1842,1808,1687,2829,2559,2462,2555,2692,3202,3191,4819,5473,5732,6289,7352,6726,6685,6979,6124,5977,6917,6499,6888,9462,8655,11871,14795,15570,12980,10512,8276,11371,13538,15221,14155,14058,15111,15480,16768,19422,19681,15701,16314,17651,18277,19711,20968,22863,25389,24593,25066,25202,25706,25111,23836,25390,27074,25907,25101
0.0,0.0,0.0,0.0,0.0,0.0,0.0,0.0,0.0,0.0,0.0,0.0,0.0,0.0,0.0,0.0,0.0,0.0,0.0,0.0,0.0,0.0,0.0,0.0,0.0,0.0,0.0,0.0,0.0,0.0,0.0,0.0,0.0,0.0,0.0,213,225,237,214,346,345,390,388,371,328,339,323,363,422,380,340,322,296,315,329,259,314,354,366,378,371,387,379,372,372,483,424,406,354,352,415,440
0.0,0.0,0.0,0.0,0.0,0.0,0.0,0,0,0,0,0,0,0,0,0,0,0,0,0,0,0,0,0,0,0,0,0,0,0,0,0,0,0,0,0,0,0,0,0,3994,3226,1746,1320,997,854,841,690,644,745,845,871,965,973,990,925,946,937,1096,1071,854,806,670,671,724,676,686,734,761,940,2159,1210
0.0,0.0,0.0,0.0,0.0,0.0,0.0,0.0,0.0,0.0,0.0,5.4,5.9,17.2,17.6,17.5,11.5,12.6,12.5,12.8,13.1,14.2,14.4,15.5,15.6,16.0,34.6,45.6,42.3,50.7,41.1,40.2,46.1,48.2,46.1,46.4,44.8,67.0,59.2,63.4,79.8,86.5,72.2,70.7,64.0,50.1,51.1,49.7,57.6,56.7,63.2,64.4,63.5,68.1,66.5,78.6,82.9,79.0,108,99,110,113,118,131,142,151,150.2,151,188,281,358,368
0.0,0.0,0.0,0.0,0.0,0.0,0.0,0.0,0.0,0.0,0.0,0.0,0.0,0.0,0.0,0.0,12.6,13.3,13.9,14.3,17.7,0.0,13.5,17.8,25.2,27.8,26.7,32.0,43.7,43.1,37.1,50.0,48.2,55.6,49.8,48.8,51.1,51.0,45.9,55.5,62.1,65.5,67.1,69.0,68.2,71.4,59.4,68.9,74.3,79.7,83.5,71.8,95.3,91.3,92.8,90.2,86.4,72.2,72.5,60.5,0.0,0.0,0.0,64.9,66.9,65.1,66.7,66.8,57.5,62.7,84.7,65.2
0.0,0.0,0.0,0.0,0.0,0.0,0.0,0.0,0.0,0.0,0.0,0.0,0.0,0.0,0.0,0.0,0.0,0.0,0.0,0.0,0.0,0.0,0.0,0.0,0.0,0.0,0.0,0.0,0.0,0.0,0.0,0.0,0.0,0.0,0.0,0.0,0.0,2.1,1.9,2.9,5.3,12.2,28.5,63.7,91.6,202,225,207,196,175,181,169,152,135,140,140,137,139,133,111.0,189,225,237,259,281,310,361,411,478,553,595,635
0.0,0.0,0.0,0.0,0.0,0.0,0.0,0.0,0.0,0.0,0.0,0.0,0.0,0.0,0.0,0.0,0.0,0.0,0.0,0.0,0.0,145,146,143,146,147,156,164,167,177,193,198,277,324,318,321,277,248,214,197,204,212,217,210,212,173,171,174,192,218,235,229,228,247,265,281,278,302,317,328,332,355,323,346,364,366,375,409,422,418,422,376
0.0,3809,7718,12405,14234,13242,13113,13383,12781,11904,11138,10891,11117,11546,11030,11155,10338,10210,10856,10545,9931,9951,10284,10345,10274,10775,11450,11625,12163,12671,12268,12909,12755,13864,15111,16101,16577,16886,17255,17526,17437,17421,16089,15911,15871,15641,14742,13537,12475,12906,13463,13243,13594,13663,13915,14441,15076,15777,17201,18537,19384,17508,18099,17211,15909,16169,18577,18823,22737,22632,22204,22854
0.0,0.0,0.0,0.0,0.0,0.0,0.0,0.0,0.0,0.0,0.0,0.0,0.0,0.0,0.0,0.0,0.0,0.0,0.0,0.0,0.0,0.0,0.0,0.0,0.0,0.0,0.0,0.0,0.0,0.0,0.0,0.0,0.0,0.0,0.0,10.7,10.1,10.4,10.1,9.9,0.0,0.0,0.0,5.0,4.3,5.3,8.3,5.8,5.8,6.4,7.2,11.6,7.9,7.2,7.6,7.8,8.5,7.9,7.9,9.4,7.6,7.7,8.3,8.8,8.4,8.6,9.2,10.6,9.6,10.3,9.7,11.0
0.0,0.0,0.0,0.0,0.0,0.0,0.0,0.0,0.0,0.0,0.0,0.0,0.0,0.0,0.0,0.0,0.0,0.0,0.0,0.0,0.0,0.0,0.0,0.0,0.0,0.0,0.0,0.0,0.0,0.0,0.0,0.0,0.0,0.0,0.0,0.0,0.0,0.0,0.0,0.0,0.0,0.0,46.0,46.8,42.6,37.4,34.4,31.8,0.0,0.0,0.0,0.0,0.0,35.2,39.7,37.0,36.6,0.0,38.4,54.1,62.9,93.2,84.8,74.3,79.4,50.8,30.8,30,29,30,41,39
0.0,0.0,0.0,0.0,0.0,0.0,0.0,0.0,0.0,0.0,0.0,0.0,0.0,0.0,0.0,0.0,0.0,0.0,0.0,0.0,0.0,0.0,0.0,0.0,0.0,0.0,0.0,0.0,0.0,0.0,0.0,0.0,0.0,0.0,79.0,76.7,70.8,81.0,52.5,102,82.5,43.2,0.0,43.2,56.0,43.8,32.6,37.2,26.9,25.2,37.3,42.3,47.5,56.2,57.0,67.6,68.7,253,445,592,686,613,566,0,656,349,225,319,227,238,235,308
0.0,0.0,0.0,0.0,204,112,157,199,201,221,169,234,276,248,247,236,282,310,338,344,342,730,1105,1216,1242,1865,1436,1508,1996,2349,2625,2769,2968,3321,2800,2851,2772,2726,2707,2259,2080,1966,1861,1885,2059,2181,2372,2391,2552,2655,2747,2888,2953,2939,3334,3780,3886,4428,4359,4627,4161,4682,4990,4683,4739,4809,4797,4954,5196,5185,5182,5036
0.0,0.0,0.0,0,0,0,0,0,0,0,0,0,0,0,0,0,0,0,0,0,0,0,0,0,0,0,0,0,0,0,0,0,0,0,0,0,0,0,0,0,19577,21282,22620,27509,25297,24341,25282,26784,28573,31199,38034,41167,48813,56064,60675,66832,73390,84477,92862,101601,123287,129359,138869,153138,165589,178806,192843,203944,216487,229168,240333,244934
0.0,0.0,0.0,0.0,0.0,0.0,0.0,0.0,0.0,419,344,378,452,702,802,765,807,830,852,704,652,803,1263,788,716,711,801,752,728,849,963,1105,1044,1030,1363,1553,1423,1550,1666,1917,1954,2044,2023,2311,2976,3109,3630,5627,3618,4322,4598,4667,5133,5389,5661,6043,6152,6505,6901,8157,8569,8504,7916,8473,9226,9099,9146,9018,9623,9458,10168,10133
0.0,0.0,0.0,0.0,0.0,0.0,0.0,0.0,0.0,0.0,0.0,0.0,0.0,0.0,62.3,85.7,139.5,119.7,107.7,111.5,150.8,197.2,185.4,147.8,139.2,198.7,141.7,86.4,73.9,64.6,59.0,51.9,28.3,55.7,37.9,47.3,39.8,55.1,24.4,180.2,56.6,40.0,36.8,70.2,216,0.0,0.0,90.2,74.2,22.3,81.4,64.1,0.0,0.0,103.2,171,201,218,206,148,159,250,286,363,406,367,525,449,355,305,353,364
0.0,0.0,0.0,0.0,0.0,0.0,0.0,0.0,0.0,0.0,0.0,0.0,0.0,0.0,0.0,0.0,0.0,0.0,0.0,0.0,0.0,57.5,57.9,44.8,58.3,73.9,78.1,83.0,0.0,68.8,83.0,84.2,119,158,0,134,150,0,173,0,0,0,0,198,176,0.0,0.0,0.0,0.0,0.0,0.0,0.0,112,132,147,173,136,159,189,208,0,230,0,0,345,658,0.0,528,385,283,300,286
0.0,0.0,0.0,0.0,0.0,0.0,0.0,0.0,0.0,0.0,0.0,0.0,0.0,0.0,0.0,0.0,0.0,0.0,0.0,0.0,0.0,0.0,0.0,0.0,0.0,0.0,0.0,0.0,0.0,0.0,0.0,0.0,0.0,0.0,0.0,0.0,0.0,0.0,0.0,0.0,0.0,0.0,0.0,0.0,0.0,0.0,0.0,0.0,0.0,0.0,0.0,0.0,0.0,0.0,0.0,0.0,0.0,0.0,0.0,0.0,0.0,0.0,0.0,0.0,0.0,0.0,0.0,0.0,0.0,0.0,0.0,0.0
0.0,0.0,0.0,0.0,0.0,0.0,0.0,0.0,0.0,0.0,0.0,0.0,0.0,66.8,60.9,84.0,94,93,101,101,107,115,156,188,136,179,159,181,143,196,188,188,173,182,177,179,179,174,180,174,187,178,182,178,177,156,0,149,149,0,0,0,0,0,282,298,285,295,321,322,382,366,306,373,371,448,579,610,499,570,536,589
0.0,0.0,0.0,0.0,0.0,0.0,0.0,0,0,0,0,0,0,0,0,0,0,0,0,0,0,0,0,0,0,0,0,0,0,0,0,0,0,0,0,0,0,0,0,0,0,0,0,1954,2481,2788,2965,2779,2804,2162,1686,1195,1107,1197,969,880,919,928,955,1097,1000,926,959,876,837,940,935,890,945,923,1002,1031
0.0,0.0,0.0,0.0,0.0,0.0,0.0,0.0,0.0,0.0,0.0,0.0,0.0,0.0,0.0,0.0,0.0,0.0,0.0,0.0,0.0,0.0,0.0,0.0,0.0,0.0,0.0,0.0,0.0,0.0,0.0,0.0,0.0,0.0,0.0,0.0,0.0,0.0,0.0,0.0,0.0,0.0,0.0,0.0,0.0,0.0,0.0,0.0,0.0,0.0,0.0,0.0,0.0,0.0,0.0,0.0,0.0,0.0,0.0,0.0,0,0,0.0,0,0,0,0.0,0,0,0,0,0
0.0,0.0,0.0,0.0,0.0,0.0,0.0,0.0,0.0,0.0,0.0,0.0,0.0,0.0,0.0,0.0,0.0,0.0,0.0,0.0,0.0,0.0,0.0,0.0,0.0,0.0,0.0,0.0,0.0,0.0,0.0,0.0,0.0,0.0,0.0,0.0,80.9,107,396,454,466,694,681,932,419,440,395,593,751,671,415,443,523,357,346,359,390,384,364,365,399,414,383,350,316,298,334,306,363,428,402,414
0.0,0.0,0.0,0.0,0.0,0.0,0.0,0,0,0,0,0,0,0,0,0,0,0,0,0,0,0,0,0,0,0,0,0,0,0,0,0,0,0,0,0,0,0,0,0,0,0,0,0,2582,2667,2558,2537,2399,2604,2824,2916,2805,2994,3252,3122,3413,3153,3043,2594,2671,2423,2182,2098,2000,1991,2069,2243,2240,2641,2910,3187
0.0,0.0,0.0,0.0,0.0,0.0,0.0,2751,2872,2746,2784,3061,3534,3627,3446,3258,3242,3481,3882,4080,4250,4333,4642,4925,6079,6229,6696,6625,6851,6978,6913,7197,7201,7292,7426,7648,8078,8011,8059,8251,12187,10631,6973,7074,0,0,0,0,0,0,0,0,0,0,0,0,0,0,0,0,0,0,0,0,0,0,0,0,0,0,0,0
1058,994,1190,1632,2126,2117,2086,2002,2107,2042,2003,2233,2288,2801,2810,2913,3091,3042,3040,3244,3194,3370,3428,3409,3242,3565,3904,3821,3840,3990,4015,4051,4095,4213,4247,4144,4050,3902,4122,4205,4101,4104,4178,4101,4112,4009,3967,3979,4030,4075,4050,3918,4160,4110,3990,4013,3824,4179,4031,4186,3936,4191,3906,4028,3695,3532,3496,3727,3802,4349,4557,4838
0.0,0.0,0.0,0.0,0.0,0.0,0.0,0.0,0.0,0.0,0.0,0.0,0.0,0.0,0.0,0.0,0.0,0.0,0.0,0.0,0.0,0.0,0.0,0.0,0.0,0.0,0.0,0.0,0.0,0.0,0.0,5.9,17.1,94.0,96.2,94.0,91.9,86.6,83.0,74.8,73.6,70.9,68.9,70.3,63.4,60.9,56.0,44.8,47.3,46.5,46.9,44.6,43.9,55.7,68.6,59.5,69.3,73.9,49.1,46.1,0.0,0.0,0.0,0.0,0.0,0.0,0.0,0,0,0,0,0
0.0,0.0,0.0,0.0,0.0,0.0,0.0,0.0,0.0,222,0,223,219,210,199,212,205,189,180,187,177,172,169,168,155,188,188,202,203,233,249,187,207,194,183,168,158,185,155,137,114,91.2,65.5,118,169,170,131,159,214,231,251,336,395,366,273,241,299,288,289,331,325,350,325,366,359,415,445,469,521,583,613,627
0.0,0.0,0.0,0.0,166.8,0.0,0.0,0.0,264,253,222,297,285,272,240,279,313,289,307,341,435,444,396,461,538,664,784,813,1260,903,929,923,888,898,776,809,1035,1082,1160,1241,1177,1235,1171,1123,1267,1200,1861,1641,1875,2065,1580,724,759,888,1204,1126,1477,1424,1920,2225,2506,2600,2916,2928,3011,2961,2655,2525,2464,2556,2400,2244
0.0,0.0,0.0,0,0,0,0,0,0,0,0,0,0,1534,2201,2836,2837,2433,2549,3308,4385,5193,5835,4812,4889,6508,6172,6392,7085,5762,4351,4253,5145,5689,6382,6793,6806,6179,5248,4134,3332,3282,3303,3237,3142,3295,3243,3284,3361,3384,3395,3629,4380,4945,5053,4781,4771,4882,4917,4579,4444,4443,4315,4198,4162,4543,4816,4538,3829,3762,3744,4016
0.0,0.0,0.0,0.0,80.9,0.0,0.0,82.3,95.1,89.0,73.6,72.2,75.2,105,101.6,93.7,106,109,110,105,119,110,131,169,178,163,160,196,244,264,361,350,384,414,483,820,712,703,610,515,522,443,402,348,265,226,210,190,184,178,183,172,226,238,183,177,175,180,201,197,214,224,234,233,245,239,255,253,264,295,317,371
0.0,0.0,0.0,0.0,0.0,0.0,0.0,0.0,0.0,0.0,0.0,0.0,0.0,0.0,0.0,0.0,0.0,0.0,0.0,0.0,0.0,0.0,0.0,0.0,0.0,0.0,0.0,0.0,0.0,0.0,0.0,0.0,0.0,0.0,0.0,0.0,0.0,0.0,0.0,0.0,0.0,0.0,0.0,0.0,0.0,7.3,7.9,0.0,0.0,0.0,0.0,0.0,0.0,0.0,0.0,0.0,0,0,239,312,399,0,0,0,0,149,144.4,144.8,139.2,143.1,160.7,0.0
0.0,0.0,0.0,0.0,0.0,0.0,0.0,0.0,0.0,0.0,0.0,0.0,0.0,0.0,0.0,0.0,0.0,0.0,0.0,0.0,0.0,0.0,0.0,0.0,0.0,0.0,0.0,0.0,0.0,0.0,0.0,0.0,0.0,0.0,0.0,0.0,0.0,0.0,0.0,0.0,0.0,0.0,0.0,0.0,730,525,823,938,592,1651,1750,1456,1078,1030,1006,0.0,0.0,0.0,0.0,0.0,0.0,0.0,0.0,0.0,0.0,0.0,0.0,0,0,0,0,0
0.0,0.0,0.0,0.0,0.0,0.0,0.0,0.0,0.0,0.0,0.0,0.0,0.0,0.0,0.0,0.0,0.0,0.0,0.0,0.0,0.0,0.0,0.0,0.0,0.0,0.0,0.0,0.0,0.0,0.0,0.0,0.0,0.0,0.0,0.0,0.0,0.0,0.0,0.0,0.0,0.0,0.0,0.0,51.1,68.8,87.5,86.7,84.3,113,119,148,175,204,244,281,297,284,312,422,413,358,343,365,426,440,471,513,551,567,597,637,687
0.0,0.0,0.0,0.0,0.0,0.0,0.0,0.0,0.0,0.0,0.0,0.0,0.0,0.0,0.0,0.0,0.0,0.0,0.0,0.0,0.0,0.0,0.0,0.0,0.0,0.0,0.0,0.0,15.1,21.4,21.9,22.0,19.4,19.5,19.0,17.3,15.7,15.7,14.0,13.6,14.6,20.8,22.9,28.8,33.3,34.6,35.1,36.0,34.9,38.8,40.7,39.0,36.7,37.4,43.5,48.0,62.9,62.6,63.7,71.4,77.6,86.2,84.2,74.3,78.6,79.0,80.0,93.7,86.4,90.2,86.5,82.2
0.0,0.0,0.0,0.0,0.0,0.0,0.0,0.0,0.0,0.0,0.0,0.0,0.0,0.0,0.0,0.0,269,276,233,218,213,194,202,225,222,312,490,390,353,407,544,677,651,649,689,659,562,637,708,853,1006,961,477,282,312,288,243,282,519,1110,1761,1588,1009,831,683,741,724,654,599,479,474,479,466,437,438,477,489,537,545,560,545,460
0.0,0.0,0.0,0.0,0.0,0.0,0.0,0.0,0.0,0.0,0.0,0.0,0.0,0.0,0.0,0.0,0.0,0.0,0.0,0.0,0.0,2.6,3.0,3.5,3.6,4.6,6.3,8.2,10.4,18.0,21.8,20.1,20.7,27.8,28.7,30.0,27.5,27.6,49.4,49.9,57.5,55.7,55.4,50.6,51.8,51.3,49.7,45.5,42.7,40.6,41.6,59.8,62.8,56.4,56.6,63.2,55.5,69.5,86.2,56.2,64.0,59.5,62.5,58.8,57.6,75.6,47.3,58.0,76.5,80.3,79.5,75.1
0,0,0,0,0,0,0,0,0,617,725,762,881,1236,981,968,987,971,950,1084,992,1052,1144,1315,1369,1292,1500,1327,1360,1415,1579,1842,1722,1876,2143,1971,2118,2260,2250,2375,2368,2411,2517,2563,2491,2450,2205,2441,2625,2682,2337,2471,2354,2401,3048,3232,3325,3385,3190,3438,3610,3530,3586,3630,3653,3465,3543,3557,3496,3600,3630,3986
13538,14637,19605,24904,27738,23644,22034,28162,30146,27768,28396,29147,30292,31306,30727,31630,32087,33054,34769,34810,33297,33483,33941,34829,36100,35966,37580,39205,41343,43687,44704,45592,46726,47619,48502,48214,48158,49572,51024,50998,51623,51395,51730,50102,49547,49802,47337,46211,46377,45145,45525,45010,44871,45793,47174,48462,47469,47687,47669,47323,50824,48415,46975,46254,45954,46754,48033,49895,50551,49304,50119,51572
0.0,0.0,0.0,0.0,0.0,0.0,0.0,0.0,0.0,0.0,0.0,0.0,0.0,0.0,0.0,0.0,0.0,0.0,13.9,13.5,20.1,22.0,25.0,26.8,31.5,33.8,37.6,41.7,54.1,0.0,77.1,82.2,125,130,133,134,152,158,0,0,0,0,0,0,0,0,0,0,0,0,0,167,166,166,155,162,147,163,0,0,0,279,259,286,279,197,193,226,288,254,267,259
0.0,0.0,0.0,0.0,0.0,0.0,0.0,0.0,0.0,0.0,0.0,0.0,0.0,0.0,0.0,0.0,0.0,0.0,0.0,0.0,0.0,0.0,0.0,0.0,0.0,0.0,0.0,0.0,0.0,0.0,0.0,0.0,0.0,0.0,0.7,1.0,1.3,1.2,1.4,1.8,2.4,2.8,3.3,2.7,1.9,1.8,2.1,2.8,3.1,3.1,2.7,2.9,2.5,2.7,2.9,2.6,3.6,3.3,4.5,14.4,6.9,0.0,0.0,11.3,11.1,17.2,15.6,0.0,0.0,11.8,14.5,14.3
0.0,0.0,0.0,0.0,0.0,0.0,0.0,0.0,0.0,0.0,0.0,0.0,0.0,0.0,0.0,0.0,0.0,0.0,0.0,0.0,0.0,0.0,0.0,0.0,0.0,0.0,0.0,0.0,0.0,0.0,0.0,0.0,0.0,0.0,0.0,0.0,0.0,0.0,0.0,0.0,0.0,0.0,0.0,0.0,0.0,0.0,0.0,102,63.4,61.2,47.1,32.1,40.8,58.3,70.9,99,263,447,885,840,512,384,345,358,326,316,281,302,307,315,311,304
0.0,0.0,0.0,0.0,0.0,0.0,0.0,0.0,0.0,0.0,0.0,0,0,0,0,0,0,0,0,0,0,0,0,0,0,0,0,0,0,0,0,0,0,0,0,0,0,0,0,0,0,0,0,0,0,0,0,0,0,0,0,0,0,0,0,0,0,0,0,0,0,0,0,0,0,0,0,0,0,0,0,0
0,0,0,0,17024,17236,19915,18967,23083,17292,27704,29829,31716,40324,45269,43408,42827,42036,43728,38811,42570,43054,46126,49342,51235,53507,53265,52880,52653,54892,55659,56405,57068,56332,56821,56249,56369,57865,58900,58428,58269,61408,56829,54048,48588,45313,44568,43696,42083,42229,43082,42403,41706,41819,41248,39984,33323,38482,38541,39453,40947,41046,40214,41363,39834,39881,40566,42269,43468,44670,49008,51570
0.0,0.0,0.0,0.0,0.0,0.0,0.0,0.0,0.0,39.2,44.7,78.7,97.9,91.2,97.2,92.7,78.3,92.0,0.0,124,128,119,96.8,83.2,83.9,110,104,75.0,47.4,35.0,23.1,28.0,21.0,14.9,9.0,16.5,31.9,34.4,35.5,18.7,19.8,21.3,30.5,33.1,38.7,42.1,43.0,36.2,36.3,45.2,47.9,67.1,42.2,46.4,57.7,56.3,56.1,60.4,92.6,81.1,94.2,89.5,166,266,196,262,209,158,181,205,233,237
785,879,1036,1001,957,1031,1048,1354,1410,1389,1438,1528,1478,1503,1541,1601,1732,1880,2421,2827,3200,3452,3649,3890,3912,4858,6250,6840,7251,7406,7175,6205,7345,7495,6837,6711,6660,5691,5679,6005,5630,5692,5399,5610,5476,5570,5690,6030,6426,7003,7331,7738,7567,7423,6360,6992,7561,7861,7855,8732,9155,7035,5664,5010,4678,4640,4921,5126,5122,5475,5472,5237
0.0,0.0,0.0,0.0,0.0,0.0,111.9,119.0,128,126,137,128,129,125,154,135,195,199,220,208,176,315,218,234,200,209,292,326,393,346,391,406,571,618,617,671,612,526,550,614,613,603,458,552,505,493,475,398,341,357,347,439,516,382,415,248,199,232,228,247,232,254,269,296,317,297,295,323,283,277,332,337
0.0,0.0,0.0,0.0,0.0,0.0,0.0,0.0,0.0,0.0,0.0,0.0,0.0,0.0,0.0,0.0,0.0,0.0,0.0,0.0,0.0,0.0,0.0,0.0,0.0,0.0,0.0,0.0,0.0,0.0,0.0,45.1,32.1,26.3,0.0,0.0,0.0,0.0,0.0,0.0,0.0,0.0,112.5,89.5,69.9,71.6,0.0,0.0,70.1,76.4,100.5,98.7,199,219,170,158,0.0,0.0,0.0,0.0,0.0,0.0,0.0,236,243,225,249.2,202,212,211,198,201
0.0,0.0,0.0,0.0,0.0,0.0,0.0,0.0,0.0,0.0,0.0,0.0,0.0,0.0,0.0,0.0,0.0,0.0,0.0,0.0,0.0,0.0,0.0,0.0,0.0,0.0,0.0,0.0,0.0,0.0,0.0,0.0,0.0,11.2,18.4,9.9,5.1,6.8,5.4,0.0,6.9,0.0,0.0,0.0,0.0,3.7,3.9,3.2,3.0,4.5,0.0,16.7,10.8,10.2,10.4,0.0,14.6,0.0,0.0,0.0,12.8,16.3,15.1,22.4,19.0,19.1,17.9,16.3,19.2,19.1,22.6,22.4
0.0,0.0,0.0,0.0,0.0,0.0,0.0,0.0,0.0,0.0,0.0,0.0,0.0,0.0,0.0,0.0,0.0,0.0,0.0,0.0,0.0,0.0,0.0,0.0,16.7,33.2,95.0,98.8,65.2,40.4,34.2,38.0,35.1,34.2,26.5,25.4,46.1,30.6,20.7,15.8,12.4,6.5,5.1,8.1,9.3,11.1,10.6,9.5,0.0,0.0,0.0,22.7,25.9,29.0,27.3,36.1,28.5,27.7,32.5,37.0,36.6,35.2,35.1,35.5,36.7,40.9,48.8,54.0,60.9,62.8,67.2,65.5
0.0,0.0,0.0,0.0,0.0,0.0,0.0,0.0,0.0,0.0,0.0,0.0,0.0,0.0,0.0,0.0,0.0,0.0,0.0,0.0,0.0,0.0,0.0,0.0,0.0,0.0,0.0,0.0,0.0,0.0,0.0,0.0,0.0,0.0,0.0,0.0,0.0,0.0,0.0,5.1,5.4,5.3,5.5,5.0,4.7,3.9,4.7,0.0,0.0,0.0,0.0,0.0,0.0,0.0,0.0,0.0,0.0,0.0,0.0,0.0,0.0,0.0,0.0,0.0,0.0,0.0,0.1,0.1,0.1,0.1,0.1,0.2
0.0,0.0,20.0,20.2,22.5,20.8,23.0,25.3,39.3,42.5,38.4,30.8,29.6,29.3,28.3,41.6,43.0,44.0,45.0,45.8,46.2,61.8,69.6,91.1,89.4,83.9,98.0,104,128,164,168,164,159,162,156,172,194,208,236,243,232,188,128,0,111,0.0,0.0,0.0,0.0,0.0,0.0,99.2,113,113,143,102,100,115,137,170,190,197,218,226,313,314,365,381,416,392,407,392
0.0,0.0,0.0,0.0,0.0,0.0,0.0,0.0,0.0,0.0,0.0,0,0,0,0,0,0,0,0,0,0,0,0,2367,2308,2531,2725,2557,2662,3016,2998,2992,3088,3052,3119,2957,4612,2991,3034,3508,2779,2405,1806,1745,1503,1488,1121,1054,1296,1158,1324,1461,1605,1752,1891,1751,1734,1554,1582,1471,1311,1176,1192,1135,1073,1057,1189,1358,1473,1721,2051,2463
0.0,0.0,0.0,0.0,0.0,0.0,0.0,0.0,0.0,0.0,0.0,0.0,0.0,0.0,0.0,0.0,0.0,0.0,0.0,0.0,0.0,0.0,0.0,0.0,0.0,0.0,0.0,0.0,0.0,0.0,0.0,0.0,0.0,0.0,0.0,0.0,0.0,0.0,0.0,0.0,0.0,0.0,0.0,0.0,0.0,0.0,0.0,0.0,0.0,0.0,0.0,0.0,0.0,0.0,0.0,0.0,0.0,0.0,0.0,0.0,0.0,0.0,0.0,0.0,0.0,0.0,0.0,0.0,0.0,0.0,0.0,0.0
0.0,0.0,0.0,0.0,0.0,0.0,0.0,2871,3433,3439,3175,3206,3458,4753,7782,7596,7425,6992,6532,6765,7169,7393,8814,9293,8208,7644,8579,9851,9359,9787,10546,10823,11427,12398,12831,13573,15225,17998,19387,19851,20918,20604,19239,18387,20767,20859,21485,21874,24214,25263,29360,30296,31351,31254,31951,37115,39498,39818,40299,45709,53816,54032,54555,54361,53961,56756,56773,62567,67522,69285,71469,73001
0.0,0.0,0.0,0.0,0.0,0.0,0.0,0.0,0.0,0.0,0.0,0.0,0.0,0.0,0.0,0.0,0.0,0.0,0.0,0.0,0.0,0.0,0.0,0.0,0.0,1310,1677,1677,1740,1900,2197,2551,2875,2839,2608,2605,2587,2546,2320,2216,2272,2512,2555,2751,2641,2919,3072,3438,4518,2954,2245,2310,2053,2482,3337,3731,3241,3291,3957,3677,3857,4530,5194,5963,8017,7064,8214,7666,8837,7835,9003,9488
0.0,0.0,0.0,0,0,0,0,0,0,0,0,692,720,741,865,1006,1268,1629,2073,2720,3398,3662,2280,1981,2121,14702,19991,22527,18865,17950,9999,8107,12062,12960,12155,10594,11070,8868,8135,7520,5562,4938,4452,3864,4525,5584,5478,6041,6738,6743,6821,7509,8359,8998,10502,13571,16138,19323,17769,17095,17886,18200,15708,16354,13170,13131,13962,16028,18034,15257,12528,12151
0.0,0.0,0.0,0,0,0,0,0,217,233,273,313,328,348,405,460,563,575,556,676,824,842,856,828,1026,2017,2049,2011,2100,1986,0,0,0,0,0,0,0,0,0,0,0,0,0,0,0,0,0,0,0,0,0,0,0,0,0,2093,2825,2028,3104,4103,3911,4407,4749,4318,7962,6931,9493,5942,7380,6270,7599,6994
0,0,0,0,0,0,0,0,0,247,259,275,286,290,294,328,339,323,328,338,352,399,449,534,571,579,703,726,739,791,874,920,880,891,836,808,833,856,800,796,786,893,935,925,932,954,961,1013,1073,1082,1119,1148,1246,1196,1147,1165,1180,1170,1178,1220,1205,1148,1088,1031,1025,1021,1024,1032,1037,1060,1113,1126
0.0,0.0,0.0,389,370,453,630,1215,1073,1009,1070,1163,1384,1775,2121,2167,2267,2512,4094,5188,6399,8711,9417,9548,14064,14425,15938,14739,12579,13670,12164,12892,15128,14011,12473,13567,12810,11953,14611,14715,11631,12283,16688,12597,13852,13152,12220,12450,12462,12285,12026,12746,13280,13285,13066,13509,13840,14052,15752,15952,15634,15747,15918,16240,16738,18008,18257,19213,20053,20074,20504,21065
5588,6597,7473,8364,7598,8334,8210,8452,8719,8978,9257,9721,9984,11042,12289,12585,13061,14016,13769,13935,13754,14518,16315,18108,18079,18059,16815,16764,17938,18714,19914,19406,20408,22769,23267,23954,23715,25322,27552,29268,29499,28373,28773,27947,28096,27401,25025,27575,28914,29870,31039,33109,32565,33455,33727,33838,32555,31500,30601,31868,30824,29944,29324,27106,26068,24064,23043,26104,26854,27122,26381,28370
0.0,0.0,0.0,0.0,0.0,0.0,0.0,0.0,0.0,0.0,0.0,0.0,0.0,0.0,0.0,0.0,0.0,0.0,0.0,0.0,0.0,0.0,0.0,0.0,0.0,0.0,0.0,80.4,80.6,0.0,0.0,0.0,92.8,103.9,94.5,75.7,63.2,68.0,68.7,77.6,94.0,90.9,83.8,132.5,111.4,84.0,76.8,75.9,86.7,71.5,68.3,67.1,71.5,86.2,90.0,83.5,80.4,95.7,106,143,138,123,130,129,125,120,125,142,149,210,265,247
0.0,0.0,0.0,8067,8380,9441,9808,9167,8773,8961,8948,8962,8711,8918,9694,10643,11422,12339,13224,14110,15326,16791,18515,20669,21812,22351,23254,23459,24149,25534,27172,27607,28596,29538,30999,32416,34156,35659,37136,39009,40698,42690,43769,44426,44247,44232,44965,45782,46170,46223,45982,46223,47032,47267,47327,47137,47052,46453,45849,45408,46258,46420,47045,46479,46281,46775,47600,47312,47350,47426,47609,48160
0.0,0.0,0.0,0,0,0,0,0,0,0,0,0,0,0,0,0,0,0,933,1138,1038,854,807,892,860,766,751,1140,880,887,1000,930,1009,1063,1086,1046,1142,1263,1266,1193,949,794,1012,825,866,879,633,838,865,938,961,987,970,939,1084,1005,999,1093,1536,1775,2065,1957,1923,1699,1590,1657,1743,1924,2042,1973,2032,2083
0.0,0.0,0.0,0.0,0.0,0.0,0.0,0.0,0.0,0.0,0.0,0.0,0.0,0.0,0.0,0.0,0.0,0.0,0.0,0.0,0.0,0.0,0.0,0.0,0.0,0.0,0.0,0.0,0.0,0.0,0.0,0.0,0.0,0.0,0.0,0.0,0.0,0.0,0.0,0.0,0.0,0.0,0.0,0.0,396,254,262,283,264,262,219,230,338,370,439,501,632,738,1110,1054,994,1092,1204,1404,1585,1579,1625,1373,1319,1491,1929,1752
0.0,0.0,0.0,0.0,0.0,0.0,0.0,0.0,0.0,0.0,0.0,0.0,0.0,0.0,31.4,99.3,161,203,244,249,240,254,317,403,455,492,492,706,1183,1532,1667,1357,1316,1331,1246,1026,862,1033,1329,1282,1190,1213,944,706,590,491,564,659,627,590,574,617,710,764,771,761,803,794,889,848,866,918,938,1060,1047,952,1027,1105,1134,1163,1117,1097
0.0,0.0,0.0,0,0,0,0,0,0,0,0,0,0,0,0,0,0,0,0,0,0,0,0,0,0,0,0,0,0,0,0,0,0,0,0,0,0,0,0,0,0,0,0,0,0,0,0,0,0,0,0,0,0,0,0,0,0,0,0,0,0,0,0,0,0,0,0,0,0,0,0,0
0.0,0.0,0.0,0,189,474,525,753,647,764,810,786,820,951,786,743,781,1410,1568,1847,2130,2202,2588,3027,3045,3895,4496,6462,7681,9567,8985,9843,10199,10632,11067,11347,12267,13189,13549,14393,15307,15868,16301,17303,18101,18624,20360,20646,21154,20415,19868,21090,21693,22291,23049,24061,26023,26961,28182,30026,31913,32178,32619,33450,34463,35819,37210,38143,38844,40814,43891,46056
0.0,0.0,0.0,0.0,0.0,0.0,0.0,0.0,0.0,0.0,0.0,0.0,0.0,0.0,0.0,0.0,0.0,0.0,0.0,0.0,0.0,0.0,0.0,0.0,0.0,0.0,0.0,0.0,0.0,0.0,0.0,0.0,0.0,0.0,0.0,0.0,0.0,0.0,0.0,0.0,0.0,0.0,0.0,0.0,0.0,0.0,0.0,0.0,0.0,0.0,0.0,0.0,0.0,0.0,0.0,0.0,0.0,0.0,0.0,0.8,26.8,38.5,45.2,40.6,43.2,47.5,53.3,55.4,59.3,61.7,65.7,77.0
0.0,0.0,0.0,0,0,0,0,0,0,0,0,0,0,0,0,0,0,0,0,0,0,0,0,620,777,1913,0,0,2904,2528,2833,2797,2944,3479,3731,3852,3629,3261,3205,4033,5006,19315,25171,12758,6173,6549,7183,6108,4654,4342,4219,4926,4841,4996,5384,5795,5608,5544,5889,5422,5271,5174,5913,6399,6054,6042,6086,6655,6864,7203,7374,6940
0.0,0.0,0.0,0.0,0.0,0.0,0.0,0.0,0.0,0.0,0.0,0.0,0.0,0.0,0.0,0.0,0.0,0.0,0.0,0.0,0.0,0.0,0.0,0.0,0.0,0.0,0.0,0.0,0.0,0.0,0.0,0.0,0.0,0.0,0.0,0.0,0.0,0.0,0.0,0.0,0.0,0.0,0.0,40.3,23.7,25.0,38.5,36.6,44.3,40.3,48.8,56.0,45.8,50.8,58,62,61,67,61,58,69,79,76,94,101,111,115,123,123,127,129,130
0.0,0.0,0.0,0.0,0.0,0.0,0.0,0.0,0.0,0.0,0.0,0.0,0.0,0.0,0.0,0.0,0.0,0.0,0.0,0.0,0.0,0.0,0.0,0.0,0.0,0.0,0.0,0.0,0.0,0.0,0.0,0.0,0.0,0.0,0.0,0.0,0.0,0.0,0.0,0.0,0.0,0.0,0.0,249.9,247.5,250.5,209.8,160.7,147.4,100.5,44.3,35.1,33.8,31.2,27.4,25.9,25.3,25.4,25.4,23.6,19.7,19.8,22.1,22.6,23.3,0.0,0.0,0,0,0,0,0
0.0,0.0,0.0,0.0,0.0,0.0,0.0,0.0,0.0,0.0,0.0,0.0,0.0,0.0,0.0,0.0,0.0,0.0,0.0,0.0,0.0,0.0,0.0,0.0,0.0,0.0,0.0,0.0,0.0,0.0,0.0,0.0,0.0,0.0,0.0,0.0,0.0,0.0,0.0,0.0,0.0,0.0,0.0,0.0,89.6,104.6,101.4,78.8,76.3,82.2,107,134,168,274,316,341,397,499,544,533,339,256,265,244,262,272,310,447,507,692,692,739
0.0,0.0,0.0,0,0,0,0,0,0,0,0,0,0,0,0,0,0,0,0,0,0,0,0,0,0,0,0,0,0,0,0,2749,2162,1312,2336,2753,1965,1532,381,290,0,922,878,1565,1305,1637,1677,1471,1233,1189,1410,1586,1641,1526,1534,1559,1584,1573,1726,1582,1906,2038,1991,2019,2121,2442,2503,2938,2669,2861,2521,1036
0.0,0.0,0.0,0.0,0.0,0.0,0.0,0.0,0.0,0.0,0.0,0.0,0.0,0.0,0.0,0.0,0.0,0.0,0.0,0.0,0.0,0.0,0.0,0.0,0.0,0.0,0.0,3.6,3.7,4.7,5.3,9.1,9.7,12.9,10.6,11.0,12.8,13.9,15.0,14.1,18.9,17.8,14.9,14.3,13.2,15.5,19.3,17.2,28.0,33.2,47.0,45.1,47.4,36.3,34.2,31.9,32.5,34.2,37.2,27.1,44.8,55.8,43.4,42.3,42.8,45.4,47.7,48.7,53.2,49.3,44.8,41.6
0.0,0.0,0.0,0.0,0.0,0.0,0.0,0.0,0.0,0.0,0.0,0.0,0.0,0.0,0.0,0.0,0.0,0.0,0.0,0.0,0.0,0.0,0.0,0.0,0.0,0.0,0.0,0.0,0.0,0.0,0.0,0.0,0.0,0.0,0.0,0.0,0.0,0.0,0.0,0.0,0.0,0.0,0.0,0.0,0.0,0.0,0.0,0.0,0.0,0.0,0.0,0.0,0.0,0.0,0.0,17.4,40.8,17.9,13.5,14.1,24.2,26.3,38.6,41.0,37.2,33.2,31.0,27.4,20.1,20.5,19.2,15.1
0.0,0.0,0.0,0.0,0.0,0.0,0.0,0.0,0.0,0.0,0.0,0.0,0.0,0.0,0.0,162.2,197.4,353,448,535,731,1308,1350,1042,1295,1721,1052,1130,1563,1839,2288,2624,1225,1414,0,0,0,0,0,0,0,0,0,0,0,0,0,0,1377,1553,1199,1283,1256,1614,2008,2623,2584,2273,2139,3233,0,0,0,7016,9147,8464,0.0,0,0,0,0,0
0.0,0.0,0.0,0.0,0.0,0.0,0.0,0.0,0.0,0.0,0.0,0.0,0.0,0.0,0.0,0.0,0.0,0.0,0.0,0.0,0.0,0.0,0.0,0.0,0.0,0.0,0.0,0.0,0.0,0.0,0.0,0.0,0.0,0.0,0.0,0.0,0.0,0.0,0.0,0.0,0.0,0.0,0.0,0.0,162,87.5,91.1,101,167,290,222,290,340,339,331,382,417,461,503,518,391,326,315,316,327,393,523,701,852,1025,1094,1135
25.7,37.6,53.9,87.5,98.2,112.6,122.4,78.3,83.2,80.7,75.4,49.1,53.9,65.4,62.3,80.4,79.9,80.6,65.4,57.9,59.2,60.1,61.1,67.8,74.4,80.3,85.3,92,90,98,100,117,121,122,125,125,122,128,147,168,153,160,176,184,168,185,181,186,201,216,219,224,281,250,265,278,282,276,286,214,211,267,230,224,232,249,294,277,369,380,429,479
0.0,0.0,0.0,0.0,0.0,0.0,0.0,0.0,0.0,0.0,0.0,0.0,0.0,0.0,0.0,41.8,45.4,46.6,49.4,52.7,53.3,51.6,51.4,55.9,58.8,66.2,63.5,73.8,98,100,130,121,114,0.0,0.0,88.9,85.3,75.6,75.4,70.2,67.5,70.5,73.0,43.1,65.8,55.4,50.9,73.6,93.9,90.7,85.1,85.8,107,84.3,98,97,87.2,84.0,101,106,76.9,60.3,67.5,66.0,65.7,65.7,62.8,64.7,65.6,70.9,76.6,87.8
0.0,0.0,0.0,0.0,0.0,0.0,0.0,0.0,0.0,0.0,0.0,0.0,0.0,0.0,0.0,0.0,0.0,0.0,0.0,7.4,7.3,7.3,7.7,8.2,13.8,13.6,20.5,19.0,24.7,38.1,53.8,52.1,37.3,28.0,22.6,19.2,22.3,26.4,21.9,17.7,19.1,18.0,16.0,17.7,18.0,17.6,10.9,14.4,18.6,14.9,14.5,12.3,13.1,14.2,14.6,24.5,40.2,32.9,33.9,41.5,50.8,42.9,43.8,50.2,78.7,58.2,46.2,46.9,58.0,63.5,87.0,85.8
0.0,0.0,0.0,0.0,0.0,0.0,0.0,0.0,256,269,234,216,179,185,249,348,488,605,559,579,563,768,861,848,785,883,932,963,1290,1102,1288,1598,2153,2051,1834,1691,1510,1294,1880,1221,1463,1572,2140,2126,2259,2448,2603,2503,2352,1729,2339,2123,2642,3002,3824,3694,3951,3866,4317,4415,4167,3643,4084,3895,4244,4277,4605,4409,3705,3381,3769,3910
0.0,0.0,0.0,0.0,0.0,0.0,0.0,0.0,0.0,0.0,0.0,0.0,0.0,0.0,0.0,0.0,26.2,23.9,24.4,25.3,28.7,32.8,25.5,31.2,30.6,31.4,43.5,51.2,50.4,41.3,47.5,40.8,38.4,41.7,39.7,39.0,43.2,42.5,51.1,50.5,51.9,49.8,0.0,0.0,46.5,49.7,53.3,50.1,58.3,57.7,65.1,75.5,76.0,75.6,86,94,99,107,111,123,128,135,137,130,131,184,308,368,455,449,476,580
0.0,0.0,0.0,0.0,0.0,0.0,0.0,0.0,0.0,0.0,0.0,0.0,0.0,0.0,0.0,0.0,0.0,0.0,0.0,0.0,0.0,0.0,0.0,0.0,0.0,0.0,0.0,0.0,0.0,0.0,0.0,0.0,0.0,0.0,0.0,0.0,32.6,34.1,41.8,38.4,38.2,33.5,34.2,40.8,43.3,46.5,46.5,49.7,48.3,44.3,42.9,41.7,44.5,43.9,45.3,47.9,60.4,49.0,49.1,50.4,54.9,56.3,49.6,46.8,48.2,50.6,54.8,63.0,65.9,64.5,83.6,78.5
0.0,0.0,0.0,0.0,0.0,0.0,0.0,0.0,0.0,0.0,0.0,0.0,0.0,0.0,0.0,0.0,0.0,0.0,0.0,0.0,0.0,0.0,0.0,0.0,0.0,0.0,0.0,0.0,0.0,0.0,0.0,0.0,0.0,0.0,0.0,0.0,56.2,52.2,49.4,48.8,43.1,40.6,38.3,36.9,35.9,34.5,36.9,44.1,51.2,36.2,48.3,63.2,88.4,63.3,100,103,87.3,102,0,118,119,0,0,141,139,136,130,143,150,160,162,199
0.0,0.0,0.0,0.0,0.0,0.0,0.0,0.0,0.0,0.0,0.0,0.0,0.0,0.0,0.0,0.0,0.0,0.0,0.0,1.6,2.0,2.4,2.7,2.9,3.0,3.0,3.8,4.6,4.5,4.7,6.0,11.5,11.2,6.5,6.9,6.7,6.4,6.7,8.0,9.9,13.4,16.7,18.8,19.4,18.8,19.6,20.3,19.0,15.8,14.5,15.2,15.8,15.9,16.3,16.7,15.8,16.1,15.8,15.4,17.1,18.4,16.7,17.2,16.5,22.7,18.7,18.3,24,23,22,22,19
373,415,421,389,441,556,527,538,584,543,532,599,607,688,772,809,776,814,810,881,1031,963,989,1194,1323,1447,1558,1748,1633,1660,1845,1753,2320,2243,2148,2692,2806,2362,2284,2123,2251,2132,2247,2495,2662,3347,2796,2968,2974,3067,3227,3331,3296,3186,3178,3061,3111,2917.3,3915,3893,4675,4452,4860,5145,5443,5686,5340,5971,5410,6051,6651,6607
0.0,0.0,0.0,0.0,0.0,0.0,0.0,0.0,0.0,0.0,0.0,0.0,0.0,0.0,0.0,0.0,0.0,0.0,0.0,0.0,0.0,0.0,0.0,0.0,0.0,0.0,0.0,0.0,0.0,0.0,0.0,0.0,0.0,0.0,0.0,0.0,0.0,0.0,0.0,0.0,0.0,0.0,0.0,0.0,35.0,30.9,39.0,37.2,37.9,24.9,19.8,15.1,16.7,19.6,21.3,19.0,22.1,28.1,32.0,39.4,28.5,21.7,24.0,24.6,27.3,29.9,30.6,36.3,35.5,37.9,43.0,43.1
0.0,0.0,0.0,0.0,0.0,0.0,0.0,0.0,0.0,0.0,0.0,0.0,0.0,0.0,0.0,0.0,0.0,0.0,0.0,0.0,0.0,0.0,0.0,0.0,0.0,0.0,0.0,0.0,0.0,0.0,0.0,0.0,0.0,0.0,0.0,0.0,0.0,0.0,0.0,0.0,0.0,128.9,87.6,38.7,36.8,32.0,45.1,38.1,34.8,36.1,36.9,46.9,42.9,47.0,44.4,48.4,46.9,57.4,75.0,68.9,44.5,55.6,76.0,93,86,93,92,94,93,97,100,107
0.0,0.0,0.0,0.0,0.0,0.0,0.0,0.0,0.0,0.0,0.0,0.0,0.0,0.0,0.0,0.0,0.0,0.0,0.0,0.0,0.0,0.0,0.0,0.0,0.0,0.0,0.0,0.0,0.0,0.0,0.0,0.0,0.0,0.0,0.0,0.0,0.0,0.0,0.0,0.0,0.0,0.0,0.0,0.0,0.0,0.0,0.0,0.0,0.0,0.0,0.0,0.0,0.0,0.0,0.0,0.0,77.7,76.8,69.4,79.1,72.6,74.1,72.1,63.9,58.0,60.9,60.4,65.9,67.5,75.1,77.7,100.3
0.0,0.0,0.0,0.0,0.0,0.0,0.0,109,159,212,247,246,281,298,392,352,307,334,348,448,407,421,504,558,634,747,1097,1540,1766,1573,1576,1814,1849,1916,1394,1253,1795,1572,1573,1697,1835,1802,1893,1878,1981,2034,1873,1868,1957,1980,1678,1270,2297,2185,2315,2250,2335,2357,2427,2708,2891,3095,3117,3342,3818,3785,3495,3516,3620,3641,3721,4794
0.0,0.0,0.0,0.0,0.0,0.0,0.0,0.0,0.0,0.0,0.0,0.0,0.0,0.0,0.0,0.0,0.0,0.0,0.0,0.0,0.0,0.0,0.0,0.0,0.0,0.0,0.0,0.0,0.0,0.0,0.0,99,111,105,98,94,79,61,81,75,94,85,84,84,90,106,47.1,42.7,47.4,56.4,67.6,70.0,79.8,82.7,81.7,89.5,68.9,61.8,69.5,72.2,80,103,96,107,124,138,133,146,147,202,217,166
0.0,0.0,159,245,350,438,385,386,396,436,472,456,437,470,535,524,488,382,367,367,420,470,479,468,439,363,314,301,350,389,371,387,433,418,402,392,391,365,233,242,430,511,443,514,591,628,668,713,593,489,484,653,585,426,634,708,716,0,0,0,0,0,0,2969,3265,3288,3817,3651,3464,2357,2225,3141
0.0,0.0,0.0,0.0,0.0,0.0,0.0,0.0,0.0,0.0,0.0,0.0,0.0,0.0,0.0,0.0,0.0,0.0,0.0,0.0,0.0,0.0,0.0,0.0,0.0,0.0,0.0,0.0,0.0,0.0,0.0,0.0,0.0,0.0,0.0,0.0,0.0,0.0,0.0,0.0,0.0,0.0,220,161,95,75,82,88,108,114,155,139,164,162,160,169,187,197,220,276,291,318,336,331,348,512,561,498,453,434,414,417
0.0,0.0,0.0,0.0,0.0,0.0,0.0,0.0,0.0,0.0,0.0,0.0,0.0,0.0,0.0,0.0,0.0,0.0,0.0,0.0,0.0,20.5,23.8,24.2,24.7,24.6,29.7,39.2,39.7,40.3,44.9,45.4,46.0,51.3,57.2,63.2,67.7,67.4,68.3,70.6,76.8,80.1,82.1,85.3,88.9,88.4,87.4,86.9,92.1,93.5,101.0,111.1,144,191,213,255,282,265,255,269,302,316,327,310,340,384,369,392,451,443,429,425
3592,4367,4589,5425,5758,6590,6939,7432,6971,6124,5506,6178,7105,7543,7704,8402,8100,7867,8719,8618,9009,9225,9648,9951,10106,10570,11111,10967,12223,11812,12526,12187,12311,13274,12168,12373,12235,12410,12635,12586,12705,12347,12003,11935,10967,10576,10276,10325,10224,10190,10690,10264,10535,10523,10675,10753,10772,11280,11432,11235,11477,10994,10624,9983,9299,9312,9289,9765,9979,10821,12001,12211
0.0,0.0,0.0,0.0,0.0,0.0,0.0,1085,1046,1034,1063,1089,1024,998,1017,1213,1207,1371,1331,1407,1460,1595,1500,1521,1479,1527,1556,1495,1514,1600,1606,2229,2117,1942,1894,1964,1948,2125,2178,1916,1981,2063,1944,1819,1778,1801,1836,1851,1813,1815,1840,1848,1806,1738,1780,1729,1708,1890,1907,1859,2002,2018,1906,1852,1843,1918,1945,2085,2226,2456,2927,3008
0.0,0.0,0.0,0.0,0.0,0.0,0.0,0.0,0.0,0.0,0.0,0.0,0.0,0.0,0.0,0.0,0.0,0.0,0.0,0.0,0.0,0.0,0.0,0.1,0.1,0.1,0.1,0.1,0.1,0.2,0.1,0.1,0.2,0.0,0.0,0.0,0.0,0.0,0.0,0.0,0.0,98.9,81.9,54.9,46.3,47.0,47.1,42.4,41.7,35.9,36.9,42.4,38.5,48.9,49.9,44.9,45.0,47.3,47.3,44.8,44.3,46.8,52.9,70.6,73.5,79.5,97.6,85.1,87.4,82.7,76.9,78.3
0.0,0.0,0.0,0.0,0.0,0.0,0.0,0.0,0.0,0.0,0.0,0.0,0.0,0.0,0.0,0.0,0.0,0.0,0.0,0.0,0.0,0.0,0.0,0.0,0.0,0.0,13.7,13.8,15.5,17.3,18.0,15.8,13.6,13.5,15.5,14.1,15.0,15.8,13.9,0.0,0.0,0.0,0.0,0.0,0.0,29.2,25.1,23.0,25.4,31.3,35.7,34.2,41.9,32.3,32.6,37.9,36.5,0.0,0.0,45.4,47.1,61.8,71.8,137.1,92.4,128.2,0.0,174,201,212,248,225
0.0,0.0,0.0,0.0,0.0,0.0,0.0,0.0,0.0,0.0,0.0,189,215,279,337,399,465,359,1604,2478,4173,3550,2948,3719,3981,4483,7325,5238,5558,4334,3747,3044,2006,1571,1351,903,883,777,623,613,416,687,659,567,766,538,619,525,565,721,1220,942,1342,2026,1247,1215,1073,1118,1299,1824,1896,2226,2478,2183,2099,1908,1861,1798,1719,2028,1860,2403
0.0,0.0,0.0,0.0,0.0,0.0,0.0,0.0,0.0,0.0,0.0,0.0,0.0,0.0,0.0,0.0,0.0,0.0,0.0,0.0,0.0,0.0,0.0,0.0,0.0,0.0,0.0,0.0,0.0,0.0,0.0,0.0,0.0,0.0,0.0,0.0,0.0,0.0,0.0,0.0,0.0,0.0,0.0,0.0,0.0,0.0,0.0,145,114,117,104,119,378,164,150,160,149,142,164,150,147,125,116,110,110,108,104,109,103,114,146,154
964,846,1170,1561,1965,2012,1665,1627,1718,1599,1692,1610,1752,1935,2015,2044,2369,2354,2428,2574,2717,2724,2793,2792,2812,2887,3132,3206,3272,3494,3583,3617,3656,3799,3964,3818,4399,4260,4533,4321,4435,4471,4336,4699,4379,4604,4158,4215,4145,4420,4442,4294,4322,5194,4994,5121,4818,4808,5116,5144,5458,5373,5474,5574,5703,5950,5907,6130,6766,7128,7520,7514
0.0,0.0,0.0,0,0,0,0,0,0,0,0,0,0,0,0,0,0,0,0,0,0,0,357,601,647,691,1429,1529,1466,1926,1504,1504,1813,1968,2321,2718,2897,2402,2057,2042,2050,2303,1908,2285,2145,2279,2296,2169,2244,1988,2011,2395,2786,2869,3016,3395,4091,4360,4423,4200,3948,4168,5457,9805,9196,8529,7817,8145,6872,7575,6551,6663
0.0,0.0,0.0,0.0,0.0,0.0,0.0,550,457,474,559,583,577,553,597,673,1087,1267,1032,1062,1154,1259,1400,1569,1466,1462,1531,1544,1537,1635,1730,1869,2031,2447,2730,2934,3195,3434,3756,3887,3898,4114,4405,4683,4659,4525,4604,4602,4407,4407,4450,4460,4771,5131,5483,5708,5941,6039,6081,5734,5909,6179,6513,6907,7135,7496,8143,8416,9321,10524,10388,10097
0.0,0.0,0.0,0.0,0.0,0.0,0.0,0.0,0.0,0.0,0.0,0.0,0.0,0.0,0.0,0.0,0.0,0.0,0.0,0.0,0.0,0.0,0.0,0.0,0.0,0.0,0.0,0.0,0.0,0.0,0.0,0.0,0.0,0.0,0.0,0.0,0.0,0.0,186.5,184.2,182.0,129.6,137.6,135.5,163.0,170.7,161.7,167.3,192.5,168.7,178.8,0.0,0.0,0.0,0.0,0.0,0.0,0.0,0.0,0.0,0.0,0.0,0.0,0.0,0.0,0.0,0.0,0.0,0.0,0.0,0.0,0.0
0.0,0.0,0.0,0.0,0.0,0.0,0.0,0.0,0.0,0.0,0.0,0.0,0.0,0.0,0.0,0.0,0.0,0.0,0.0,0.0,0.0,0.0,0.0,0.0,0.0,0.0,33.1,88.5,85.6,89.2,93.1,101,92.3,0.0,0.0,0.0,97,97,100,99,107,144,103,111,126,154,112,145,154,122,94.3,83.2,69.6,48.3,43.7,48.9,57.7,57.1,68.8,56.6,71.5,59.3,68.6,99.3,96.9,108,102,85.5,84.3,82.0,80.8,87.0
0.0,0.0,0.0,0.0,0.0,0.0,0.0,0.0,0.0,0.0,0.0,49.8,43.6,49.5,54.0,56.7,65.0,73.5,79.7,88,93,101,103,132,125,102,132,136,147,166,119,136,178,267,251,260,290,294,239,298,249,241,369,311,285,263,307,286,235,219,196,191,173,167,149,177,157,180,185,185,205,227,259,297,326,344,378,351,341,371,376,391
807,876,1010,963,994,1016,1135,1284,1248,1257,1229,1284,1529,1510,2088,2354,2229,2238,3867,1927,2067,3328,3534,3685,4435,4736,6247,7077,10265,7783,5252,7729,6753,8653,6992,5089,6122,5688,6198,3130,2168,1815,1315,1585,1800,1866,2192,2114,1785,1773,1720,1571,1535,1427,1465,1434,1779,1859,1801,1796,2209,2406,2452,2749,3168,3139,3500,2743,2712,2677,2767,2720
0.0,0.0,0,0,0,0,0,0,0,539,557,554,568,638,720,661,641,715,794,922,1112,1206,1126,1314,1751,2270,0,2926,2796,2139,2559,2217,2304,2219,2177,1396,1500,1583,1686,2169,2041,2027,1844,1862,2016,2112,2350,2464,2200,2173,2145,2267,2138,2251,2508,2363,2408,2490,2727,2728,2623,2756,2799,2843,3245,3010,3294,3392,4303,2965,3472,3495
0.0,0.0,0.0,0.0,0.0,0.0,0.0,0.0,0.0,0.0,0.0,0.0,0.0,0.0,0.0,0.0,0.0,0.0,0.0,0.0,0.0,4716,5034,5066,5398,5454,5810,6044,6430,6165,6193,5849,5912,6519,5798,6549,7061,7328,7122,7364,5983,6215,4376,4240,4647,4639,4668,4912,5383,5590,5504,5350,5517,5612,5839,6117,6534,6945,7846,7136,7527,7887,7997,8067,8002,8902,10594,10007,10233,11591,11786,12815
768,826,858,937,1084,1140,1219,1211,1243,1271,1427,1485,2380,2706,2643,2881,2883,3037,3728,3924,3684,4099,4470,4479,4234,4963,3267,2616,2410,2435,2474,2682,2670,2674,2571,2393,2421,2723,2834,3146,3303,3395,3500,3594,3479,3384,3635,3506,3576,3502,3684,3794,3948,4055,3915,4158,4408,4267,4098,4114,4500,4437,4239,3764,4148,3623,3740,4322,3737,4090,4278,4557
0.0,0.0,0.0,0,0,0,0,0,0,0,0,0,0,0,0,0,0,0,0,0,0,0,0,0,0,0,0,0,0,0,0,2149,3386,4436,2664,2546,4366,0,2389,2593,2167,1961,2127,0,0,0,0,0,0,0,0,0,0,1418,1429,1318,1391,1494,1925,2482,2194,2165,0,0,0,0,0,0,0,0,0,0
0.0,0.0,0.0,0.0,0.0,0.0,0.0,0.0,0.0,0.0,0.0,0.0,0.0,0.0,0.0,0.0,0.0,0.0,0.0,0.0,0.0,0,0,0,0,0,0,0,0,0,0,4011,4050,3648,3751,3825,8637,9163,7505,8177,8708,3835,3978,3112,1879,2240,2184,2123,2380,2162,1951,1857,1948,1937,1998,2149,2272,2342,2246,2476,2105,1939,2005,1951,2100,2294,2647,2793,3789,4214,4613,5579
0,0,0,0,0,0,0,0,0,0,0,0,0,0,0,0,0,0,0,0,0,0,0,0,0,0,0,0,0,0,0,0,0,0,0,0,0,0,0,0,0,0,0,47154,41221,38968,25639,24209,26467,15740,17480,23584,25487,28235,29605,30944,35165,38922,42366,46551,48841,49834,53185,61622,64626,69261,74649,80027,64848,62404,65201,66838
0.0,0.0,0.0,0.0,0.0,0.0,0.0,0.0,0.0,0.0,0.0,0.0,0.0,0.0,0.0,0.0,0.0,0.0,0.0,0.0,0.0,0.0,0.0,0.0,48.0,33.7,30.7,33.3,45.2,33.4,38.1,42.3,49.0,45.7,44.0,39.6,42.1,47.1,42.5,40.3,47.5,109,151,124,120,40.9,69.0,98,90.3,99,101.0,86.0,87.8,83.0,77.2,67.4,65.2,71.8,66.5,70.1,71.8,73.1,73.8,72.5,74.5,84.6,99.4,105.5,110.2,117.9,124.1,142.4
0.0,0.0,0.0,0,0,0,0,0,0,0,0,0,0,0,811,856,1227,2042,2239,2220,2719,2981,3543,4971,6419,0,0,0,18859,21383,27485,30725,35779,39861,32365,34760,28705,0,25538,23373,22087,27756,26470,24878,26367,22758,20061,20029,27200,31420,27965,30822,32830,28817,29022,32204,38889,44300,51029,50083,51469,53569,54297,61449,70406,82987,88520,63337,70621,72918,61952,55535
0.0,0.0,0.0,0.0,0.0,0.0,0.0,0.0,0.0,0.0,0.0,0.0,0.0,0.0,0.0,0.0,0.0,0.0,0.0,0.0,0.0,0.0,0.0,0.0,0.0,0.0,0.0,0.0,0.0,0.0,133,124,136,118,118,112,101,97,102,109,110,111,109,102,120,98,100,98,98,104,112,102,113,113,123,124,140,163,183,179,191,181,196,179,206,212,226,320,313,372,357,378
0.0,0.0,0.0,0.0,0.0,0.0,0.0,0.0,0.0,0.0,0.0,0.0,0.0,0.0,0.0,0.0,0.0,0.0,0.0,0.0,0.0,0,0,0,0,0,0,0,0,0,0,0,0,0,0,0,0,0,0,0,0,0,0,0,0,0,0,1073,1191,1090,1022,1478,1177,1302,1141,1054,883,891,1005,975,959,930,893,864,836,845,813,806,865,795,1144,1086
0.0,0.0,0.0,0.0,0.0,0.0,0.0,0.0,0.0,0.0,0.0,0.0,0.0,0.0,0.0,0.0,0.0,0.0,0.0,0.0,0.0,0.0,0.0,0.0,0.0,0.0,0.0,0.0,0.0,0.0,0.0,0.0,0.0,0.0,0.0,0.0,15.2,17.7,18.2,18.4,20.4,21.1,22.9,26.6,16.7,14.7,13.6,13.0,14.2,13.4,13.4,12.6,13.0,12.9,12.8,16.4,15.0,14.8,18.0,13.6,11.5,8.7,10.6,12.4,14.5,34.0,20.0,24.5,24.7,23.5,23.5,24.0
0.0,0.0,0.0,0.0,0.0,0.0,0.0,0.0,0.0,0.0,0.0,0.0,8.1,8.4,9.1,8.8,9.0,8.8,9.6,10.1,12.1,13.6,13.1,13.3,15.3,18.8,16.1,15.6,17.4,16.4,18.2,24.0,21.3,16.1,10.5,8.1,5.9,11.9,5.7,8.0,14.6,15.1,27.2,32.0,26.0,24.6,23.7,17.5,8.3,0.0,0.0,24.0,28.6,28.4,31.0,25.2,24.7,27.5,25.7,19.3,22.8,23.7,24.7,27.0,27.2,41.8,35.3,43.3,39.4,27.3,25.6,20.2
0.0,0.0,0,0,0,0,0,0,0,0,0,0,0,0,0,0,0,0,0,0,0,866,1048,1109,1074,988,1118,1350,1605,1570,1558,1751,1941,2052,1987,2450,2874,2806,2783,3001,3324,3814,3946,4195,4328,4474,5359,5870,6588,7460,7599,7350,7526,7934,8012,8164,8672,8751,9088,9150,9456,9274,8943,8735,8706,8961,9557,10162,10432,10524,10662,11020
0.0,0.0,0.0,0.0,0.0,0.0,0.0,0.0,0.0,0.0,0.0,0.0,0.0,0.0,0.0,0.0,0.0,0.0,0.0,0.0,0.0,0,0,0,0,0,0,0,0,0,0,0,0,0,0,0,0,0,0,0,0,0,0,0,995,1027,1819,1808,1454,1137,994,1033,1163,1181,1253,1164,1261,1279,1294,1326,1267,1109,952,952,862,890,1056,1083,1102,1262,1803,1778
0.0,0.0,0.0,0.0,0.0,0.0,0.0,0.0,0.0,0.0,0.0,0.0,0.0,0.0,0.0,0.0,0.0,0.0,0.0,0.0,0.0,0,0,0,0,0,0,0,0,0,0,0,0,0,0,0,0,0,0,0,0,0,0,483,415,403,459,471,452,451,424,386,474,526,548,581,592,678,682,723,728,725,585,504,446,428,424,477,489,510,573,562
0.0,0.0,0.0,0.0,0.0,0.0,0.0,0.0,0.0,0.0,0.0,0.0,20.4,23.9,27.9,29.7,25.3,32.7,37.8,40.8,41.7,51.9,52.8,61.4,64.0,71.1,64.6,64.5,70.2,164.3,142.7,97.6,94.5,81.9,88.3,62.3,44.3,46.9,43.6,0.0,0.0,0.0,0.0,0.0,0.0,0.0,0.0,0.0,0.0,0.0,0.0,0.0,0.0,0.0,0.0,0.0,0.0,0.0,0.0,0.0,0.0,0.0,0.0,0.0,0.0,0.0,0.0,0,0,0,0,0
0.0,0.0,266,281,240,225,233,262,378,284,267,305,485,784,785,1101,1127,1221,1356,1424,1469,1386,1526,1562,1967,2526,3173,3937,4380,3930,3510,3518,3892,3828,3890,4191,4161,4242,4684,5498,5423,4884,4012,3454,3192,3403,3028,2631,2419,2143,2054,2411,2696,2954,2924,3026,3360,3406,3356,3333,3485,3373,3494,3652,3724,3728,3759,3661,3609,3458,3436,3475
0.0,0.0,0,0,0,0,0,0,0,0,0,0,0,0,0,0,0,0,0,0,0,0,0,0,0,0,0,0,0,0,0,0,0,0,0,0,0,0,0,0,0,0,0,0,0,0,0,0,0,0,0,0,0,0,0,0,0,1533,1405,1943,1386,1465,2085,1332,1324,1726,1386,404,174,245,186,0
2763,2590,2451,3107,3046,3061,3312,3514,3677,3227,3074,3690,3719,4542,4279,4890,4905,5897,5542,7343,8662,8734,8395,10004,9859,10914,9950,11788,11975,12468,13353,13846,14063,14564,16317,16714,17002,15895,16822,17007,16916,17159,16491,16087,15675,15837,15963,15459,15308,16065,17654,18245,18043,16725,16974,17743,17963,18552,19241,19135,18369,18488,17056,17249,15048,15026,15972,14810,16391,17024,17189,17160
0.0,0.0,7.1,9.3,12.6,20.1,18.4,22.0,30.1,42.5,46.1,46.4,47.1,43.0,36.9,35.8,37.1,39.3,40.3,42.5,43.8,54.9,81.8,72.6,59.0,61.7,65.3,60.1,74.3,91,105,97,86.0,78.7,138,155,554,484,620,429,331,450,615,689,738,857,1442,1347,1196,1254,1129,1510,1261,1043,938,1045,967,1117,1368,1566,1618,1508,1580,1427,1466,1719,1852,1616,1683,1543,1700,1560
0.0,0.0,0,0,0,0,0,84,121,115,133,150,151,180,195,279,385,338,316,388,519,621,623,538,489,382,330,487,503,371,439,507,427,467,667,764,543,462,525,574,0,664,533,461,526,389,284,202,159,461,825,1063,674,791,598,1698,1388,1633,2068,2494,2432,0,0,0,0,0,1152,1207,1567,799,722,457
0,0,0,0,0,0,0,0,0,0,0,3456,3626,3900,4158,4372,4635,4678,4560,4565,4806,4936,5045,5205,5221,5262,5395,5392,5432,5592,5801,5666,5570,5435,5372,5446,5527,5619,5995,6025,6095,6210,5850,5684,5667,5655,5668,5738,5444,5606,5818,5948,5644,5494,5454,5133,5199,5118,5253,4672,4582,4958,4662,4760,4787,5072,5126,5194,5194,5365,5840,6234
0,0,0,0,0,0,0,0,3768,4015,3893,3646,4247,4695,4892,5301,5343,5616,5470,5211,5563,5723,5953,6064,5877,5854,5522,6256,5931,5941,6212,6179,6168,6426,6511,6580,7237,6860,6600,6895,7029,7455,7197,6988,6205,6149,6221,5887,5675,5661,5240,5162,5041,4825,4700,4612,4540,4322,4349,4455,4450,4298,4413,4332,4704,4262,4439,4617,4644,4596,5114,5428
0.0,0.0,0.0,0.0,0.0,0.0,0.0,0.0,0.0,0.0,0.0,0.0,0.0,0.0,0.0,0.0,0.0,0.0,0.0,0.0,0.0,0.0,0.0,0.0,0.0,0.0,0.0,0.0,0.0,0,0,0,0,0,0,0,0,0,0,0,0,0,0,0,0,0,0,0,0,0,0,0,0,0,0,0,0,0,0,0,0,0,0,0,0,0,0,0,0,0,0,0
0.0,0.0,0.0,0.0,0.0,0.0,0.0,0.0,0.0,0.0,0.0,0.0,0.0,0.0,0.0,0.0,0.0,0.0,0.0,0.0,0.0,0.0,0.0,0.0,0.0,0.0,0.0,4524,5495,6305,7484,7547,7014,7693,7701,7759,8670,9000,9148,10181,11166,11781,12122,12255,13892,13725,12718,13121,13065,12221,12200,10724,10530,10184,10086,10104,9721,9326,9869,10049,10822,10229,10326,10690,10096,10037,10578,10397,10535,10307,10993,11597
0.0,0.0,0.0,0.0,0.0,0.0,0.0,0.0,0.0,0.0,0.0,0.0,0.0,0.0,0.0,0.0,0.0,0.0,0.0,0.0,0.0,0.0,0.0,0.0,0.0,0.0,0.0,0.0,0.0,0.0,0.0,0.0,0.0,0.0,0.0,0.0,0.0,0.0,0.0,0.0,0.0,0.0,0.0,35.4,126.1,40.0,11.5,12.4,17.8,20.3,17.0,14.7,14.6,31.1,40.2,47.2,0.0,0.0,0.0,39.5,40.6,45.5,56.6,58.8,0.0,75,85.6,86,80,84,84,80
0.0,0.0,0.0,0.0,0.0,0.0,0.0,0.0,0.0,0.0,0.0,0.0,0.0,0.0,0.0,0.0,0.0,0.0,70.3,67.5,71.7,102,140,164,212,278,262,276,341,658,553,262,300,289,248,220,223,237,222,202,196,162,176,176,116,108,140,138,147,160,159,170,197,193,175,179,193,211,221,225,250,324,349,354,409,456,529,579,582,612,619,639
0.0,0.0,0,0,0,0,0,0,556,493,506,471,408,533,566,581,627,675,775,932,1087,1278,1538,1587,1489,1387,1506,1850,2226,2813,3271,3139,3061,3264,3304,3613,3887,3710,3677,3708,3834,4116,4557,4965,5105,5523,5511,5421,5265,4156,3693,3526,3524,3557,3520,3278,3333,3692,4746,5506,6142,5684,5854,5771,5999,6042,6423,6783,6993,7141,7286,7362
0.0,0.0,0.0,0.0,0.0,0.0,0.0,0.0,0.0,0.0,0.0,0.0,0.0,0.0,0.0,0.0,0.0,0.0,0.0,0.0,0.0,0.0,0.0,0.0,0.0,0.0,0.0,0.0,0.0,0.0,0.0,0.0,0.0,0.0,0.0,0.0,0.0,0.0,0.0,0.0,0.0,0.0,0.0,0.0,0.0,0.0,0.0,0.0,0.0,0.0,0.0,0.0,0.0,0.0,0.0,0.0,16.2,32.4,40.8,37.3,57.1,38.7,26.5,38.6,33.0,30.6,38.0,27.3,26.3,20.8,34.4,38.1
0.0,0.0,0.0,0.0,0.0,0.0,0.0,0.0,0.0,0.0,0.0,0.0,0.0,0.0,5.8,17.2,16.8,14.3,15.8,16.8,17.4,18.8,20.1,21.0,24.0,27.0,28.0,35.8,44.6,43.9,38.1,37.1,36.2,32.5,30.5,34.6,43.6,51.4,64.4,63.5,66.6,68.2,63.7,63.1,69.6,49.6,46.6,0.0,0.0,0.0,0.0,0.0,0.0,0.0,41.0,40.8,40.0,0.0,0.0,51.9,51.1,54.4,52.0,58.5,64.0,73.3,72.0,83.5,90.0,99.7,170.6,112.6
0.0,0.0,0.0,0.0,0.0,0.0,0.0,0.0,0.0,0.0,0.0,0.0,0.0,0.0,0.0,0.0,0.0,0.0,0.0,73.1,73.8,84.8,112.5,105.9,92.3,76.1,85.7,102.4,110.0,118.9,154.0,177.9,148.2,0.0,0.0,0.0,0.0,0.0,0.0,0.0,0.0,0.0,0.0,0.0,69.6,75.7,0.0,0.0,0.0,0.0,0.0,0.0,34.1,45.9,77.1,167,202,221,221,219,205,193,188,200,238,201,204,221,206,168,173,157
0.0,0.0,0.0,0.0,0.0,0.0,0.0,0.0,0.0,0.0,0.0,0.0,60.9,46.4,46.6,56.2,44.1,46.2,49.5,55.6,53.0,67.7,70.4,79,78,79,112,130,172,191,183,195,257,389,479,327,284,243,221,255,264,242,248,249,259,268,273,314,310,316,313,327,339,336,350,356,383,404,373,405,418,434,517,523,575,687,820,873,811,814,1001,1046
0.0,0,0,0,1169,1182,1196,1107,1029,999,1189,1311,1474,1570,1613,1730,1813,1816,1957,2188,2121,2353,2696,2834,3004,3368,5891,6189,5959,5457,4842,5018,5662,6189,5856,5693,6040,6786,6481,5708,6605,7981,8204,8630,9541,9328,9583,10725,11178,11712,12932,12516,11473,12208,11353,10550,10168,10644,10263,10411,11140,10943,11036,11307,11612,11697,12036,14112,15147,19225,20603,19567
0.0,0.0,0.0,0.0,0.0,0.0,0.0,0.0,0.0,0.0,0.0,0.0,0.0,0.0,0.0,0.0,0.0,0.0,0.0,0.0,0.0,0.0,0.0,0.0,0.0,0.0,0.0,0.0,0.0,0.0,0.0,0.0,0.0,0.0,0.0,0.0,0.0,0.0,0.0,0.0,0.0,0.0,0.0,0.0,0.0,103.1,92.0,88.5,134.0,113.6,122.9,0.0,0.0,0.0,0.0,0.0,0.0,0.0,0.0,0.0,0.0,0.0,0.0,0.0,0.0,0.0,0.0,0,0,0,0,0
0.0,0,0,0,0,0,0,0,0,0,0,0,0,0,0,0,0,0,0,0,0,0,0,0,0,0,0,0,0,0,0,0,0,0,0,0,0,0,0,0,0,0,0,0,0,0,0,0,6930,8172,8449,11571,11107,9966,10532,11714,10687,10610,11273,13733,16168,20277,22026,21701,26584,25086,0,0,0,0,0,0
0.0,0.0,0.0,0.0,0.0,0.0,0.0,0.0,0.0,0.0,0.0,0.0,0.0,11.2,40.5,74.0,129,173,198,242,248,263,450,571,451,339,317,281,194,153,117,159,140,106,75,120,156,167,162,162,146,148,144,95,97,121,136,147,145,183,210,203,205,220,237,271,272,262,268,296,291,622,624,319,268,283,315,328,357,423,648,948
0,30751,36207,46317,51459,48854,46516,45655,44087,42931,42714,43597,43555,44114,44868,46083,46221,45974,47149,46477,43922,45241,45140,48015,48174,48187,50626,49884,47707,49223,50762,54129,53021,57807,60377,63372,63967,63177,62488,60275,60805,60892,61595,57532,54904,53393,50080,49601,47839,47996,47740,48701,50630,53640,57459,58172,58716,58985,60591,63244,64257,63177,61041,59346,57177,56154,53996,53807,53449,54163,56856,58485
0,0,0,0,0,0,0,0,0,0,0,0,0,0,0,0,0,0,0,0,0,0,0,0,0,0,0,0,0,0,0,0,0,0,0,0,0,0,0,0,0,0,0,0,301,1214,1306,1165,1469,1100,1029,1185,1114,1289,1554,1701,1847,2072,2519,2464,2156,2239,2013,2276,2329,3200,3905,3990,3988,4744,5419,5995
0,0,0,0,0,0,0,0,0,0,0,0,0,0,0,0,0,0,0,0,0,0,0,500,897,1081,1013,845,906,941,1103,1334,1760,1603,1222,1034,997,1007,847,964,1060,1036,724,880,849,807,831,893,882,880,904,891,884,815,709,685,694,725,693,782,800,873,849,925,972,1002,1017,1042,1100,1196,1155,1260
147593,158620,339387,478080,492223,424699,402015,407275,418896,416411,419328,409007,426307,461929,455639,440448,442377,523061,600511,619797,592570,549164,494097,493387,468878,462755,437342,425445,441501,444294,446844,445813,496574,587280,573502,603217,646659,689403,683746,669443,663788,636176,561979,592212,560519,531381,496360,469361,466933,456390,457513,475217,479077,537912,612233,667285,698019,708077,726972,779854,841220,865268,855022,807530,745416,699564,683678,681580,674557,694860,734344,766583
0,0,0,0,0,0,0,0,0,0,0,0,0,0,0,0,0,0,0,0,0,0,0,0,0,0,0,0,0,0,0,0,0,0,0,0,0,0,0,281099,260646,220503,0,0,0,0,0,0,0,0,0,0,0,0,0,0,0,0,0,0,0,0,0,0,0,0,0,0,0,0,0,0
0.0,0.0,0.0,0.0,0.0,0.0,0.0,0.0,0.0,0.0,0.0,0.0,0.0,0.0,0.0,0.0,0.0,0.0,0.0,0.0,0.0,0.0,0.0,0.0,0.0,0.0,0.0,0.0,0.0,0.0,0.0,0.0,0.0,0.0,0.0,0.0,0.0,0.0,0.0,0.0,0.0,0.0,0.0,0.0,0.0,26.7,22.4,29.9,34.7,0.0,53.1,45.7,39.3,33.5,35.4,0.0,0.0,0.0,0.0,0.0,0.0,0.0,0.0,0.0,0.0,0.0,0.0,0,0,1507,0,0
0,0,0,0,0,0,0.0034,0.0042,0.0058,0.0061,0.0052,0.0052,0.0026,0.0046,0.0055,0.0057,0.0064,0.0066,0.0075,0.0075,0.0071,0.0071,0.0089,0.0097,0.0097,0.0128,0.0138,0.0107,0.0125,0.0129,0.0128,0.0114,0.0099,0.0136,0.0169,0.0163,0.0097,0.0114,0.0122,0.0135,0.0190,0.0113,0.0136,0.0126,0.0157,0.0115,0.0110,0.0080,0.0131,0.0102,0.0088,0.0108,0.0110,0.0080,0.0078,0.0111,0.0195,0.0240,0.0242,0.0241,0.0136,0.0126,0.0148,0.0175,0.0209,0.0125,0.0095,0.0051,0.0278,0.5325,0.4113,0
0.0,0.0,0.0,0.0,0.0,0.0,0.0,0.0,0.0,0.0,0.0,0.0,0.0,0.0,0.0,0.0,0.0,0.0,0.0,0.0,0.0,0.0,0.0,0.0,0.0,0.0,0.0,0.0,0.0,0.0,0.0,0.0,0.0,0.0,0.0,0.0,0.0,0.0,792.4,1284.1,1695.3,2020.6,1437.1,907.0,710.8,969.3,0.0,0.0,0.0,0.0,0.0,0.0,0.0,0.0,1791,1834,1914,2253,2902,2859,3151,3501,3268,3806,3980,4411,4821,5218,5202,5603,0,0
0.0,0,0,0,0,0,0,0,0,0,0,0,0,0,0,0,0,0,0,0,0,0,0,0,0,0,0,0,0,0,0,0,0,0,0,0,0,0,0,0,0,3023,2832,2781,2407,2469,1854,1688,2165,2079,2254,2683,2851,3611,3726,3038,3123,2922,3494,3358,3842,3813,3457,3167,2914,2804,0,0,0,0,0,0
0.0,0,0,0,0,0,0,0,0,0,0,0,0,0,0,0,0,0,0,0,0,0,0,0,0,0,0,0,0,0,0,0,0,0,0,0,0,0,0,0,0,0,0,0,0,0,0,0,0,0,0,0,0,0,0,0,0,0,0,0,0,0,0,0,0,0,0,0,0,0,0,0
0.0,0.0,0.0,0.0,0.0,0.0,0.0,0.0,0.0,0.0,0.0,0.0,0.0,0.0,0.0,0.0,0.0,0.0,0.0,0.0,0.0,0.0,0.0,0.0,0.0,0.0,0.0,0.0,0.0,0.0,0.0,0.0,0.0,0.0,0.0,0.0,0.0,0.0,0.0,0.0,0.0,0.0,0.0,0.0,0.0,0.0,0.0,0.0,0.0,0.0,0.0,0.0,0.0,0.0,0.0,0.0,0.0,0.0,0.0,0.0,0.0,0.0,0.0,0.0,0.0,0.0,0.0,0.0,0.0,0.0,0.0,0.0
0.0,0.0,0.0,0.0,0.0,0.0,0.0,0.0,0.0,0.0,0.0,0.0,0.0,0.0,0.0,0.0,0.0,0.0,0.0,0.0,0.0,0.0,0.0,0.0,0.0,0.0,0.0,0.0,0.0,0.0,0.0,0,0,0,0,251,203,374,337,251,363,320,214,243,118,139,117,78,78,0,116,0,0,0,0,153,171,187,211,211,199,221,232,258,279,343,367,299,291,334,292,262
0.0,0.0,0.0,0.0,0.0,0.0,0.0,0.0,0.0,0.0,0.0,0.0,0.0,0.0,0.0,0.0,0.0,0.0,0.0,0.0,0.0,0.0,0.0,0.0,0.0,0.0,0.0,0.0,0.0,0.0,0.0,474,395,441,475,405,413,413,420,440,460,462,481,390,328,335,308,322,347,474,472,594,783,2819,887,546,409,379,0,0,0,300,586,906,999,1033,1083,1046,986,1101,547,0