"Year","Country","National Wealth"
1995,1,9.57e10
1996,1,1.02e11
1997,1,9.69e10
1998,1,9.23e10
1999,1,9.e10
2000,1,8.33e10
2001,1,7.69e10
2002,1,1.02e11
2003,1,1.1e11
2004,1,1.17e11
2005,1,1.51e11
2006,1,1.86e11
2007,1,2.29e11
2008,1,2.39e11
2009,1,2.95e11
2010,1,3.39e11
2011,1,3.38e11
2012,1,3.82e11
2013,1,4.04e11
2014,1,4.13e11
2015,1,4.21e11
2016,1,4.33e11
2017,1,4.47e11
2018,1,4.5e11
2019,1,4.72e11
2020,1,4.49e11
1995,2,6.84e10
1996,2,7.32e10
1997,2,6.34e10
1998,2,6.99e10
1999,2,7.9e10
2000,2,8.54e10
2001,2,9.38e10
2002,2,9.75e10
2003,2,1.04e11
2004,2,1.1e11
2005,2,1.17e11
2006,2,1.26e11
2007,2,1.34e11
2008,2,1.42e11
2009,2,1.44e11
2010,2,1.52e11
2011,2,1.59e11
2012,2,1.61e11
2013,2,1.68e11
2014,2,1.66e11
2015,2,1.69e11
2016,2,1.75e11
2017,2,1.78e11
2018,2,1.85e11
2019,2,1.9e11
2020,2,1.83e11
1995,3,1.02e12
1996,3,1.08e12
1997,3,1.14e12
1998,3,1.23e12
1999,3,1.28e12
2000,3,1.39e12
2001,3,1.48e12
2002,3,1.61e12
2003,3,1.72e12
2004,3,1.83e12
2005,3,2.03e12
2006,3,2.17e12
2007,3,2.36e12
2008,3,2.49e12
2009,3,2.57e12
2010,3,2.71e12
2011,3,2.78e12
2012,3,2.87e12
2013,3,2.94e12
2014,3,3.03e12
2015,3,3.11e12
2016,3,3.29e12
2017,3,3.3e12
2018,3,3.32e12
2019,3,3.36e12
2020,3,3.16e12
1995,4,2.46e10
1996,4,9.93e10
1997,4,1.2e11
1998,4,8.36e10
1999,4,5.73e10
2000,4,1.08e11
2001,4,1.11e11
2002,4,1.86e11
2003,4,2.03e11
2004,4,2.31e11
2005,4,2.87e11
2006,4,3.43e11
2007,4,4.15e11
2008,4,4.46e11
2009,4,4.76e11
2010,4,4.55e11
2011,4,4.59e11
2012,4,5.14e11
2013,4,5.51e11
2014,4,5.82e11
2015,4,5.8e11
2016,4,5.49e11
2017,4,5.36e11
2018,4,5.03e11
2019,4,4.87e11
2020,4,4.79e11
1995,5,3.01e9
1996,5,3.34e9
1997,5,3.66e9
1998,5,4.02e9
1999,5,4.33e9
2000,5,4.6e9
2001,5,4.48e9
2002,5,4.38e9
2003,5,4.71e9
2004,5,5.05e9
2005,5,5.68e9
2006,5,6.65e9
2007,5,7.28e9
2008,5,7.14e9
2009,5,5.96e9
2010,5,5.59e9
2011,5,5.48e9
2012,5,5.63e9
2013,5,5.47e9
2014,5,5.81e9
2015,5,6.01e9
2016,5,6.43e9
2017,5,6.7e9
2018,5,7.4e9
2019,5,7.88e9
2020,5,6.43e9
1995,6,2.8e12
1996,6,2.98e12
1997,6,3.28e12
1998,6,3.43e12
1999,6,3.32e12
2000,6,3.33e12
2001,6,3.18e12
2002,6,2.63e12
2003,6,2.9e12
2004,6,3.62e12
2005,6,4.22e12
2006,6,4.67e12
2007,6,5.1e12
2008,6,5.53e12
2009,6,5.2e12
2010,6,5.97e12
2011,6,6.63e12
2012,6,6.69e12
2013,6,7.1e12
2014,6,6.93e12
2015,6,7.12e12
2016,6,6.95e12
2017,6,7.19e12
2018,6,6.91e12
2019,6,6.73e12
2020,6,6.03e12
1995,7,4.52e10
1996,7,4.72e10
1997,7,5.07e10
1998,7,5.31e10
1999,7,5.38e10
2000,7,5.64e10
2001,7,6.31e10
2002,7,7.24e10
2003,7,8.5e10
2004,7,9.83e10
2005,7,1.15e11
2006,7,1.35e11
2007,7,1.58e11
2008,7,1.73e11
2009,7,1.44e11
2010,7,1.47e11
2011,7,1.54e11
2012,7,1.65e11
2013,7,1.75e11
2014,7,1.79e11
2015,7,1.82e11
2016,7,1.79e11
2017,7,1.96e11
2018,7,2.03e11
2019,7,2.19e11
2020,7,2.e11
1995,8,1.32e10
1996,8,1.36e10
1997,8,1.46e10
1998,8,1.53e10
1999,8,1.56e10
2000,8,1.72e10
2001,8,1.67e10
2002,8,1.56e10
2003,8,1.7e10
2004,8,1.86e10
2005,8,1.56e10
2006,8,1.95e10
2007,8,1.79e10
2008,8,2.04e10
2009,8,1.84e10
2010,8,1.76e10
2011,8,1.76e10
2012,8,1.84e10
2013,8,1.9e10
2014,8,1.96e10
2015,8,2.07e10
2016,8,2.12e10
2017,8,2.15e10
2018,8,2.17e10
2019,8,2.13e10
2020,8,1.55e10
1995,9,2.66e12
1996,9,2.69e12
1997,9,2.84e12
1998,9,3.05e12
1999,9,3.3e12
2000,9,3.56e12
2001,9,3.72e12
2002,9,3.96e12
2003,9,4.26e12
2004,9,4.67e12
2005,9,5.04e12
2006,9,5.32e12
2007,9,5.74e12
2008,9,5.96e12
2009,9,5.77e12
2010,9,6.02e12
2011,9,6.05e12
2012,9,5.96e12
2013,9,6.16e12
2014,9,6.56e12
2015,9,7.06e12
2016,9,7.44e12
2017,9,7.78e12
2018,9,8.16e12
2019,9,8.17e12
2020,9,7.93e12
1995,10,1.45e12
1996,10,1.51e12
1997,10,1.51e12
1998,10,1.54e12
1999,10,1.59e12
2000,10,1.65e12
2001,10,1.67e12
2002,10,1.69e12
2003,10,1.73e12
2004,10,1.78e12
2005,10,1.83e12
2006,10,1.9e12
2007,10,1.97e12
2008,10,2.01e12
2009,10,1.99e12
2010,10,2.06e12
2011,10,2.1e12
2012,10,2.11e12
2013,10,2.15e12
2014,10,2.19e12
2015,10,2.2e12
2016,10,2.25e12
2017,10,2.34e12
2018,10,2.41e12
2019,10,2.48e12
2020,10,2.3e12
1995,11,9.25e10
1996,11,9.69e10
1997,11,9.78e10
1998,11,1.03e11
1999,11,1.1e11
2000,11,1.2e11
2001,11,1.32e11
2002,11,1.44e11
2003,11,1.61e11
2004,11,1.72e11
2005,11,2.23e11
2006,11,3.26e11
2007,11,4.3e11
2008,11,5.28e11
2009,11,6.23e11
2010,11,6.85e11
2011,11,6.86e11
2012,11,7.29e11
2013,11,7.91e11
2014,11,8.26e11
2015,11,9.15e11
2016,11,8.64e11
2017,11,8.95e11
2018,11,9.01e11
2019,11,9.23e11
2020,11,8.83e11
1995,12,4.24e10
1996,12,4.54e10
1997,12,4.71e10
1998,12,4.91e10
1999,12,5.38e10
2000,12,5.62e10
2001,12,5.8e10
2002,12,5.95e10
2003,12,5.95e10
2004,12,6.11e10
2005,12,6.44e10
2006,12,6.65e10
2007,12,6.86e10
2008,12,6.87e10
2009,12,6.56e10
2010,12,6.66e10
2011,12,6.78e10
2012,12,7.06e10
2013,12,6.82e10
2014,12,6.77e10
2015,12,6.84e10
2016,12,6.94e10
2017,12,7.32e10
2018,12,7.39e10
2019,12,7.51e10
2020,12,6.21e10
1995,13,1.31e11
1996,13,1.42e11
1997,13,1.46e11
1998,13,1.55e11
1999,13,1.6e11
2000,13,1.69e11
2001,13,1.7e11
2002,13,1.71e11
2003,13,1.83e11
2004,13,2.03e11
2005,13,2.29e11
2006,13,2.48e11
2007,13,2.74e11
2008,13,2.93e11
2009,13,2.8e11
2010,13,2.98e11
2011,13,2.92e11
2012,13,3.49e11
2013,13,3.74e11
2014,13,3.83e11
2015,13,3.84e11
2016,13,3.99e11
2017,13,4.14e11
2018,13,4.25e11
2019,13,4.19e11
2020,13,3.97e11
1995,14,8.9e11
1996,14,9.45e11
1997,14,1.01e12
1998,14,1.08e12
1999,14,1.15e12
2000,14,1.22e12
2001,14,1.28e12
2002,14,1.36e12
2003,14,1.45e12
2004,14,1.55e12
2005,14,1.66e12
2006,14,1.79e12
2007,14,1.93e12
2008,14,2.07e12
2009,14,2.2e12
2010,14,2.37e12
2011,14,2.55e12
2012,14,2.72e12
2013,14,2.9e12
2014,14,3.1e12
2015,14,3.35e12
2016,14,3.61e12
2017,14,3.91e12
2018,14,4.25e12
2019,14,4.98e12
2020,14,5.18e12
1995,15,1.39e10
1996,15,1.49e10
1997,15,1.6e10
1998,15,1.68e10
1999,15,1.7e10
2000,15,1.78e10
2001,15,1.73e10
2002,15,1.77e10
2003,15,1.84e10
2004,15,1.86e10
2005,15,1.93e10
2006,15,1.94e10
2007,15,2.09e10
2008,15,2.18e10
2009,15,2.01e10
2010,15,1.96e10
2011,15,1.99e10
2012,15,1.81e10
2013,15,1.83e10
2014,15,1.52e10
2015,15,1.84e10
2016,15,1.76e10
2017,15,1.79e10
2018,15,1.8e10
2019,15,1.8e10
2020,15,1.48e10
1995,16,1.73e11
1996,16,1.83e11
1997,16,2.04e11
1998,16,1.87e11
1999,16,1.98e11
2000,16,1.96e11
2001,16,1.95e11
2002,16,2.13e11
2003,16,2.44e11
2004,16,2.98e11
2005,16,3.62e11
2006,16,4.06e11
2007,16,4.35e11
2008,16,4.8e11
2009,16,3.73e11
2010,16,3.2e11
2011,16,2.04e11
2012,16,2.78e11
2013,16,2.65e11
2014,16,2.19e11
2015,16,3.5e10
2016,16,2.12e10
2017,16,1.13e9
2018,16,5.14e10
2019,16,4.98e10
2020,16,5.66e10
1995,17,1.94e12
1996,17,1.98e12
1997,17,2.06e12
1998,17,1.97e12
1999,17,2.07e12
2000,17,2.19e12
2001,17,2.21e12
2002,17,2.2e12
2003,17,2.23e12
2004,17,2.36e12
2005,17,2.52e12
2006,17,2.68e12
2007,17,2.84e12
2008,17,2.87e12
2009,17,2.87e12
2010,17,2.97e12
2011,17,3.02e12
2012,17,3.05e12
2013,17,3.1e12
2014,17,3.18e12
2015,17,3.26e12
2016,17,3.31e12
2017,17,3.36e12
2018,17,3.38e12
2019,17,3.42e12
2020,17,3.23e12
1995,18,4.64e9
1996,18,4.75e9
1997,18,4.91e9
1998,18,5.09e9
1999,18,5.31e9
2000,18,5.89e9
2001,18,5.9e9
2002,18,6.18e9
2003,18,6.47e9
2004,18,6.57e9
2005,18,6.82e9
2006,18,7.35e9
2007,18,7.15e9
2008,18,7.34e9
2009,18,7.75e9
2010,18,7.64e9
2011,18,8.52e9
2012,18,8.54e9
2013,18,8.71e9
2014,18,9.02e9
2015,18,1.01e10
2016,18,9.94e9
2017,18,9.63e9
2018,18,1.e10
2019,18,1.01e10
2020,18,8.54e9
1995,19,5.78e10
1996,19,6.15e10
1997,19,6.63e10
1998,19,7.04e10
1999,19,7.59e10
2000,19,8.13e10
2001,19,8.69e10
2002,19,9.23e10
2003,19,9.71e10
2004,19,1.03e11
2005,19,1.07e11
2006,19,1.13e11
2007,19,1.23e11
2008,19,1.32e11
2009,19,1.35e11
2010,19,1.37e11
2011,19,1.44e11
2012,19,1.51e11
2013,19,1.63e11
2014,19,1.75e11
2015,19,1.79e11
2016,19,1.87e11
2017,19,1.98e11
2018,19,2.12e11
2019,19,2.28e11
2020,19,2.33e11
1995,20,1.89e10
1996,20,4.16e10
1997,20,4.56e10
1998,20,4.44e10
1999,20,4.64e10
2000,20,4.88e10
2001,20,5.1e10
2002,20,5.09e10
2003,20,5.85e10
2004,20,5.72e10
2005,20,6.22e10
2006,20,6.63e10
2007,20,7.17e10
2008,20,6.36e10
2009,20,6.06e10
2010,20,5.9e10
2011,20,4.52e10
2012,20,4.81e10
2013,20,5.e10
2014,20,5.2e10
2015,20,5.25e10
2016,20,4.99e10
2017,20,5.03e10
2018,20,5.26e10
2019,20,4.1e10
2020,20,4.14e10
1995,21,1.08e10
1996,21,1.18e10
1997,21,1.31e10
1998,21,1.31e10
1999,21,1.45e10
2000,21,1.57e10
2001,21,1.72e10
2002,21,1.84e10
2003,21,1.96e10
2004,21,2.06e10
2005,21,2.17e10
2006,21,2.33e10
2007,21,2.74e10
2008,21,2.85e10
2009,21,3.08e10
2010,21,3.38e10
2011,21,3.59e10
2012,21,3.75e10
2013,21,3.74e10
2014,21,4.04e10
2015,21,4.33e10
2016,21,4.63e10
2017,21,4.86e10
2018,21,5.02e10
2019,21,5.32e10
2020,21,5.28e10
1995,22,1.61e11
1996,22,1.7e11
1997,22,1.83e11
1998,22,1.9e11
1999,22,1.89e11
2000,22,1.93e11
2001,22,1.97e11
2002,22,2.e11
2003,22,2.04e11
2004,22,2.07e11
2005,22,2.03e11
2006,22,2.26e11
2007,22,2.46e11
2008,22,2.78e11
2009,22,2.96e11
2010,22,3.09e11
2011,22,3.3e11
2012,22,3.45e11
2013,22,3.73e11
2014,22,4.e11
2015,22,4.05e11
2016,22,4.31e11
2017,22,4.46e11
2018,22,4.69e11
2019,22,4.79e11
2020,22,4.43e11
1995,23,3.36e10
1996,23,6.64e10
1997,23,8.99e10
1998,23,1.25e11
1999,23,1.33e11
2000,23,1.35e11
2001,23,1.41e11
2002,23,1.48e11
2003,23,1.53e11
2004,23,1.63e11
2005,23,1.79e11
2006,23,1.9e11
2007,23,2.04e11
2008,23,2.19e11
2009,23,2.1e11
2010,23,2.07e11
2011,23,2.08e11
2012,23,2.06e11
2013,23,2.14e11
2014,23,2.16e11
2015,23,2.24e11
2016,23,2.31e11
2017,23,2.37e11
2018,23,2.49e11
2019,23,2.58e11
2020,23,2.43e11
1995,24,6.39e10
1996,24,6.64e10
1997,24,7.64e10
1998,24,8.31e10
1999,24,8.58e10
2000,24,8.71e10
2001,24,9.23e10
2002,24,8.94e10
2003,24,8.95e10
2004,24,9.e10
2005,24,9.99e10
2006,24,1.13e11
2007,24,1.25e11
2008,24,1.32e11
2009,24,1.24e11
2010,24,1.29e11
2011,24,1.43e11
2012,24,1.47e11
2013,24,1.58e11
2014,24,1.69e11
2015,24,1.68e11
2016,24,1.65e11
2017,24,1.73e11
2018,24,1.8e11
2019,24,1.88e11
2020,24,1.7e11
1995,25,5.81e12
1996,25,6.03e12
1997,25,6.31e12
1998,25,6.39e12
1999,25,6.42e12
2000,25,6.74e12
2001,25,6.98e12
2002,25,7.e12
2003,25,7.04e12
2004,25,7.59e12
2005,25,7.86e12
2006,25,8.21e12
2007,25,9.02e12
2008,25,9.74e12
2009,25,1.04e13
2010,25,1.15e13
2011,25,1.24e13
2012,25,1.31e13
2013,25,1.37e13
2014,25,1.4e13
2015,25,1.35e13
2016,25,1.27e13
2017,25,1.25e13
2018,25,1.23e13
2019,25,1.26e13
2020,25,1.22e13
1995,26,1.93e11
1996,26,1.97e11
1997,26,1.89e11
1998,26,2.02e11
1999,26,2.08e11
2000,26,1.99e11
2001,26,2.13e11
2002,26,2.14e11
2003,26,2.14e11
2004,26,2.12e11
2005,26,2.09e11
2006,26,2.17e11
2007,26,2.2e11
2008,26,2.07e11
2009,26,2.19e11
2010,26,2.15e11
2011,26,2.09e11
2012,26,2.12e11
2013,26,2.18e11
2014,26,2.24e11
2015,26,2.54e11
2016,26,2.53e11
2017,26,2.54e11
2018,26,2.39e11
2019,26,2.5e11
2020,26,2.54e11
1995,27,6.74e11
1996,27,7.03e11
1997,27,5.09e11
1998,27,5.28e11
1999,27,4.93e11
2000,27,4.81e11
2001,27,4.8e11
2002,27,5.01e11
2003,27,5.2e11
2004,27,5.27e11
2005,27,5.33e11
2006,27,5.41e11
2007,27,5.47e11
2008,27,6.05e11
2009,27,6.17e11
2010,27,6.3e11
2011,27,6.28e11
2012,27,6.46e11
2013,27,6.64e11
2014,27,6.85e11
2015,27,6.93e11
2016,27,7.14e11
2017,27,7.27e11
2018,27,7.33e11
2019,27,7.01e11
2020,27,6.73e11
1995,28,5.17e10
1996,28,5.88e10
1997,28,6.28e10
1998,28,6.86e10
1999,28,7.37e10
2000,28,7.67e10
2001,28,8.28e10
2002,28,8.77e10
2003,28,9.6e10
2004,28,1.01e11
2005,28,1.11e11
2006,28,1.19e11
2007,28,1.26e11
2008,28,1.35e11
2009,28,1.39e11
2010,28,1.54e11
2011,28,1.65e11
2012,28,1.78e11
2013,28,1.84e11
2014,28,1.89e11
2015,28,1.96e11
2016,28,2.08e11
2017,28,2.22e11
2018,28,2.39e11
2019,28,2.53e11
2020,28,2.55e11
1995,29,2.63e10
1996,29,2.38e10
1997,29,2.4e10
1998,29,2.54e10
1999,29,2.49e10
2000,29,2.52e10
2001,29,2.55e10
2002,29,2.63e10
2003,29,2.48e10
2004,29,2.64e10
2005,29,2.78e10
2006,29,3.11e10
2007,29,3.25e10
2008,29,3.5e10
2009,29,3.75e10
2010,29,4.09e10
2011,29,4.2e10
2012,29,4.41e10
2013,29,4.67e10
2014,29,4.85e10
2015,29,4.88e10
2016,29,4.9e10
2017,29,4.99e10
2018,29,5.16e10
2019,29,5.25e10
2020,29,5.19e10
1995,30,4.62e9
1996,30,5.1e9
1997,30,5.64e9
1998,30,6.37e9
1999,30,7.18e9
2000,30,8.11e9
2001,30,8.38e9
2002,30,8.74e9
2003,30,9.22e9
2004,30,1.02e10
2005,30,1.08e10
2006,30,1.18e10
2007,30,1.42e10
2008,30,1.51e10
2009,30,1.48e10
2010,30,1.43e10
2011,30,1.5e10
2012,30,1.48e10
2013,30,1.48e10
2014,30,1.44e10
2015,30,1.48e10
2016,30,1.56e10
2017,30,1.63e10
2018,30,1.74e10
2019,30,1.86e10
2020,30,1.58e10
1995,31,9.9e10
1996,31,1.04e11
1997,31,1.07e11
1998,31,1.09e11
1999,31,1.2e11
2000,31,1.3e11
2001,31,1.38e11
2002,31,1.44e11
2003,31,1.55e11
2004,31,1.68e11
2005,31,1.88e11
2006,31,2.08e11
2007,31,2.29e11
2008,31,2.42e11
2009,31,2.41e11
2010,31,2.57e11
2011,31,2.71e11
2012,31,2.86e11
2013,31,3.01e11
2014,31,3.17e11
2015,31,3.37e11
2016,31,3.61e11
2017,31,3.85e11
2018,31,4.13e11
2019,31,4.43e11
2020,31,4.26e11
1995,32,1.18e11
1996,32,1.21e11
1997,32,1.29e11
1998,32,1.45e11
1999,32,1.47e11
2000,32,1.59e11
2001,32,1.74e11
2002,32,1.87e11
2003,32,2.02e11
2004,32,2.23e11
2005,32,2.32e11
2006,32,2.57e11
2007,32,2.79e11
2008,32,2.98e11
2009,32,3.06e11
2010,32,3.21e11
2011,32,3.35e11
2012,32,3.48e11
2013,32,3.65e11
2014,32,3.87e11
2015,32,4.23e11
2016,32,4.43e11
2017,32,4.59e11
2018,32,4.79e11
2019,32,5.e11
2020,32,4.89e11
1995,33,2.77e12
1996,33,2.98e12
1997,33,3.27e12
1998,33,3.53e12
1999,33,3.79e12
2000,33,4.05e12
2001,33,4.14e12
2002,33,4.12e12
2003,33,4.21e12
2004,33,4.45e12
2005,33,4.82e12
2006,33,5.33e12
2007,33,5.72e12
2008,33,5.59e12
2009,33,5.81e12
2010,33,6.15e12
2011,33,6.36e12
2012,33,6.65e12
2013,33,7.14e12
2014,33,7.67e12
2015,33,8.25e12
2016,33,8.78e12
2017,33,9.29e12
2018,33,9.44e12
2019,33,9.69e12
2020,33,9.12e12
1995,34,1.57e10
1996,34,1.52e10
1997,34,1.62e10
1998,34,1.71e10
1999,34,1.78e10
2000,34,1.75e10
2001,34,1.89e10
2002,34,1.96e10
2003,34,1.89e10
2004,34,2.03e10
2005,34,2.09e10
2006,34,2.24e10
2007,34,2.41e10
2008,34,2.49e10
2009,34,2.77e10
2010,34,2.94e10
2011,34,3.09e10
2012,34,3.27e10
2013,34,1.98e10
2014,34,2.e10
2015,34,2.08e10
2016,34,2.2e10
2017,34,2.31e10
2018,34,2.41e10
2019,34,2.5e10
2020,34,2.51e10
1995,35,2.88e10
1996,35,3.02e10
1997,35,3.22e10
1998,35,3.51e10
1999,35,3.43e10
2000,35,3.39e10
2001,35,3.86e10
2002,35,4.11e10
2003,35,4.86e10
2004,35,6.7e10
2005,35,9.14e10
2006,35,7.82e10
2007,35,8.85e10
2008,35,8.89e10
2009,35,9.6e10
2010,35,1.15e11
2011,35,1.15e11
2012,35,1.26e11
2013,35,1.34e11
2014,35,1.43e11
2015,35,1.47e11
2016,35,1.39e11
2017,35,1.34e11
2018,35,1.37e11
2019,35,1.43e11
2020,35,1.43e11
1995,36,7.66e11
1996,36,8.23e11
1997,36,8.98e11
1998,36,9.54e11
1999,36,9.44e11
2000,36,1.e12
2001,36,1.04e12
2002,36,1.08e12
2003,36,1.11e12
2004,36,1.17e12
2005,36,1.22e12
2006,36,1.24e12
2007,36,1.33e12
2008,36,1.42e12
2009,36,1.39e12
2010,36,1.43e12
2011,36,1.5e12
2012,36,1.59e12
2013,36,1.68e12
2014,36,1.73e12
2015,36,1.71e12
2016,36,1.73e12
2017,36,1.72e12
2018,36,1.86e12
2019,36,1.89e12
2020,36,1.78e12
1995,37,2.01e13
1996,37,2.18e13
1997,37,2.55e13
1998,37,2.73e13
1999,37,3.02e13
2000,37,3.31e13
2001,37,3.52e13
2002,37,3.9e13
2003,37,4.24e13
2004,37,4.73e13
2005,37,5.29e13
2006,37,5.94e13
2007,37,7.06e13
2008,37,7.31e13
2009,37,8.03e13
2010,37,9.13e13
2011,37,9.63e13
2012,37,1.06e14
2013,37,1.19e14
2014,37,1.31e14
2015,37,1.42e14
2016,37,1.54e14
2017,37,1.63e14
2018,37,1.75e14
2019,37,1.89e14
2020,37,1.93e14
1995,38,1.33e12
1996,38,1.32e12
1997,38,1.37e12
1998,38,1.35e12
1999,38,1.33e12
2000,38,1.72e12
2001,38,1.73e12
2002,38,1.78e12
2003,38,1.85e12
2004,38,2.e12
2005,38,2.11e12
2006,38,2.33e12
2007,38,2.51e12
2008,38,2.63e12
2009,38,2.68e12
2010,38,2.85e12
2011,38,3.05e12
2012,38,3.2e12
2013,38,3.4e12
2014,38,3.58e12
2015,38,3.79e12
2016,38,3.9e12
2017,38,3.94e12
2018,38,4.04e12
2019,38,4.2e12
2020,38,3.89e12
1995,39,6.24e9
1996,39,6.24e9
1997,39,6.59e9
1998,39,6.75e9
1999,39,6.98e9
2000,39,7.95e9
2001,39,8.29e9
2002,39,8.67e9
2003,39,8.96e9
2004,39,9.25e9
2005,39,9.64e9
2006,39,1.01e10
2007,39,1.01e10
2008,39,1.05e10
2009,39,1.1e10
2010,39,1.15e10
2011,39,1.21e10
2012,39,1.25e10
2013,39,1.33e10
2014,39,1.37e10
2015,39,1.39e10
2016,39,1.44e10
2017,39,1.5e10
2018,39,1.57e10
2019,39,1.61e10
2020,39,1.6e10
1995,40,2.41e10
1996,40,2.62e10
1997,40,3.59e10
1998,40,3.99e10
1999,40,3.51e10
2000,40,4.1e10
2001,40,4.25e10
2002,40,4.18e10
2003,40,5.15e10
2004,40,5.11e10
2005,40,5.21e10
2006,40,6.1e10
2007,40,6.11e10
2008,40,6.93e10
2009,40,8.14e10
2010,40,9.28e10
2011,40,9.09e10
2012,40,1.07e11
2013,40,1.08e11
2014,40,1.19e11
2015,40,1.04e11
2016,40,8.88e10
2017,40,8.47e10
2018,40,7.93e10
2019,40,7.72e10
2020,40,7.16e10
1995,41,1.71e11
1996,41,1.75e11
1997,41,1.87e11
1998,41,1.98e11
1999,41,1.86e11
2000,41,2.14e11
2001,41,2.23e11
2002,41,2.31e11
2003,41,2.43e11
2004,41,2.57e11
2005,41,2.71e11
2006,41,2.95e11
2007,41,3.24e11
2008,41,3.42e11
2009,41,3.34e11
2010,41,3.51e11
2011,41,3.63e11
2012,41,3.85e11
2013,41,3.95e11
2014,41,4.04e11
2015,41,4.19e11
2016,41,4.4e11
2017,41,4.51e11
2018,41,4.6e11
2019,41,4.67e11
2020,41,4.46e11
1995,42,1.46e11
1996,42,1.79e11
1997,42,2.13e11
1998,42,2.32e11
1999,42,2.38e11
2000,42,2.41e11
2001,42,2.54e11
2002,42,2.59e11
2003,42,2.64e11
2004,42,2.75e11
2005,42,2.94e11
2006,42,3.07e11
2007,42,3.19e11
2008,42,3.36e11
2009,42,3.53e11
2010,42,3.7e11
2011,42,3.54e11
2012,42,4.08e11
2013,42,4.6e11
2014,42,5.04e11
2015,42,5.65e11
2016,42,6.1e11
2017,42,6.52e11
2018,42,7.03e11
2019,42,7.5e11
2020,42,7.69e11
1995,43,3.64e11
1996,43,3.89e11
1997,43,3.89e11
1998,43,3.8e11
1999,43,3.67e11
2000,43,3.63e11
2001,43,3.59e11
2002,43,3.73e11
2003,43,3.72e11
2004,43,3.79e11
2005,43,3.92e11
2006,43,4.01e11
2007,43,4.17e11
2008,43,4.12e11
2009,43,3.76e11
2010,43,3.71e11
2011,43,3.7e11
2012,43,3.64e11
2013,43,3.69e11
2014,43,3.71e11
2015,43,3.86e11
2016,43,3.93e11
2017,43,4.21e11
2018,43,4.4e11
2019,43,4.59e11
2020,43,4.13e11
1995,44,4.76e11
1996,44,5.27e11
1997,44,5.47e11
1998,44,5.51e11
1999,44,5.94e11
2000,44,6.38e11
2001,44,6.68e11
2002,44,6.84e11
2003,44,7.14e11
2004,44,7.62e11
2005,44,8.62e11
2006,44,9.88e11
2007,44,1.07e12
2008,44,1.12e12
2009,44,1.12e12
2010,44,1.16e12
2011,44,1.21e12
2012,44,1.26e12
2013,44,1.3e12
2014,44,1.32e12
2015,44,1.39e12
2016,44,1.4e12
2017,44,1.43e12
2018,44,1.47e12
2019,44,1.5e12
2020,44,1.54e12
1995,45,5.09e10
1996,45,5.26e10
1997,45,5.48e10
1998,45,6.42e10
1999,45,6.61e10
2000,45,6.94e10
2001,45,7.48e10
2002,45,8.51e10
2003,45,9.38e10
2004,45,1.02e11
2005,45,1.13e11
2006,45,1.24e11
2007,45,1.35e11
2008,45,1.4e11
2009,45,1.43e11
2010,45,1.46e11
2011,45,1.51e11
2012,45,1.42e11
2013,45,1.35e11
2014,45,1.31e11
2015,45,1.36e11
2016,45,1.42e11
2017,45,1.52e11
2018,45,1.67e11
2019,45,1.76e11
2020,45,1.66e11
1995,46,2.11e12
1996,46,2.04e12
1997,46,2.06e12
1998,46,2.05e12
1999,46,2.11e12
2000,46,2.15e12
2001,46,2.11e12
2002,46,2.08e12
2003,46,2.03e12
2004,46,1.95e12
2005,46,2.e12
2006,46,2.06e12
2007,46,2.1e12
2008,46,2.19e12
2009,46,2.18e12
2010,46,2.21e12
2011,46,2.26e12
2012,46,2.28e12
2013,46,2.25e12
2014,46,2.23e12
2015,46,2.28e12
2016,46,2.32e12
2017,46,2.39e12
2018,46,2.43e12
2019,46,2.42e12
2020,46,2.24e12
1995,47,6.26e11
1996,47,6.7e11
1997,47,7.16e11
1998,47,7.57e11
1999,47,8.13e11
2000,47,8.65e11
2001,47,8.74e11
2002,47,8.75e11
2003,47,8.99e11
2004,47,9.61e11
2005,47,1.07e12
2006,47,1.25e12
2007,47,1.34e12
2008,47,1.3e12
2009,47,1.23e12
2010,47,1.24e12
2011,47,1.24e12
2012,47,1.24e12
2013,47,1.29e12
2014,47,1.35e12
2015,47,1.43e12
2016,47,1.5e12
2017,47,1.57e12
2018,47,1.62e12
2019,47,1.66e12
2020,47,1.6e12
1995,48,5.98e9
1996,48,5.83e9
1997,48,6.34e9
1998,48,6.45e9
1999,48,6.69e9
2000,48,6.8e9
2001,48,6.96e9
2002,48,7.32e9
2003,48,7.71e9
2004,48,8.13e9
2005,48,8.47e9
2006,48,9.75e9
2007,48,1.03e10
2008,48,1.13e10
2009,48,1.2e10
2010,48,1.28e10
2011,48,1.34e10
2012,48,1.43e10
2013,48,2.02e10
2014,48,2.17e10
2015,48,2.32e10
2016,48,2.42e10
2017,48,2.5e10
2018,48,2.72e10
2019,48,2.96e10
2020,48,2.93e10
1995,49,2.23e9
1996,49,2.3e9
1997,49,2.43e9
1998,49,2.66e9
1999,49,2.59e9
2000,49,2.49e9
2001,49,2.63e9
2002,49,2.48e9
2003,49,2.72e9
2004,49,2.86e9
2005,49,2.94e9
2006,49,3.33e9
2007,49,3.6e9
2008,49,3.99e9
2009,49,4.09e9
2010,49,4.18e9
2011,49,4.14e9
2012,49,3.97e9
2013,49,3.97e9
2014,49,4.12e9
2015,49,4.e9
2016,49,4.24e9
2017,49,3.95e9
2018,49,4.18e9
2019,49,4.39e9
2020,49,3.94e9
1995,50,2.33e11
1996,50,2.52e11
1997,50,2.8e11
1998,50,3.02e11
1999,50,3.23e11
2000,50,3.41e11
2001,50,3.52e11
2002,50,3.7e11
2003,50,3.57e11
2004,50,3.67e11
2005,50,4.19e11
2006,50,4.64e11
2007,50,5.12e11
2008,50,5.48e11
2009,50,5.6e11
2010,50,6.12e11
2011,50,6.36e11
2012,50,6.57e11
2013,50,6.85e11
2014,50,7.37e11
2015,50,8.08e11
2016,50,8.7e11
2017,50,9.13e11
2018,50,9.89e11
2019,50,1.05e12
2020,50,9.78e11
1995,51,1.75e11
1996,51,1.68e11
1997,51,1.85e11
1998,51,1.32e11
1999,51,1.4e11
2000,51,1.84e11
2001,51,1.61e11
2002,51,1.48e11
2003,51,1.54e11
2004,51,1.55e11
2005,51,1.67e11
2006,51,1.7e11
2007,51,1.76e11
2008,51,1.8e11
2009,51,1.69e11
2010,51,1.81e11
2011,51,2.01e11
2012,51,2.09e11
2013,51,2.06e11
2014,51,2.4e11
2015,51,2.48e11
2016,51,2.57e11
2017,51,2.63e11
2018,51,2.77e11
2019,51,2.91e11
2020,51,2.95e11
1995,52,3.17e11
1996,52,3.27e11
1997,52,3.56e11
1998,52,3.69e11
1999,52,3.23e11
2000,52,3.32e11
2001,52,3.8e11
2002,52,4.13e11
2003,52,4.34e11
2004,52,4.82e11
2005,52,5.27e11
2006,52,5.7e11
2007,52,5.97e11
2008,52,6.65e11
2009,52,6.76e11
2010,52,7.04e11
2011,52,7.75e11
2012,52,8.24e11
2013,52,8.7e11
2014,52,9.06e11
2015,52,9.21e11
2016,52,9.09e11
2017,52,9.31e11
2018,52,9.45e11
2019,52,9.48e11
2020,52,8.76e11
1995,53,1.94e12
1996,53,2.09e12
1997,53,2.26e12
1998,53,2.42e12
1999,53,2.56e12
2000,53,2.78e12
2001,53,2.94e12
2002,53,3.e12
2003,53,3.15e12
2004,53,3.33e12
2005,53,3.56e12
2006,53,3.92e12
2007,53,4.27e12
2008,53,4.58e12
2009,53,4.7e12
2010,53,4.88e12
2011,53,5.e12
2012,53,5.2e12
2013,53,5.3e12
2014,53,5.48e12
2015,53,5.9e12
2016,53,6.18e12
2017,53,6.38e12
2018,53,6.68e12
2019,53,7.05e12
2020,53,7.33e12
1995,54,1.22e11
1996,54,1.13e11
1997,54,1.07e11
1998,54,1.07e11
1999,54,1.02e11
2000,54,1.02e11
2001,54,1.e11
2002,54,9.39e10
2003,54,8.72e10
2004,54,8.53e10
2005,54,9.3e10
2006,54,1.01e11
2007,54,1.05e11
2008,54,1.14e11
2009,54,1.03e11
2010,54,1.04e11
2011,54,1.09e11
2012,54,1.04e11
2013,54,9.99e10
2014,54,9.84e10
2015,54,1.03e11
2016,54,1.08e11
2017,54,1.14e11
2018,54,1.2e11
2019,54,1.26e11
2020,54,1.17e11
1995,55,1.62e8
1996,55,8.83e8
1997,55,4.62e9
1998,55,3.91e9
1999,55,7.16e9
2000,55,1.11e10
2001,55,1.79e10
2002,55,2.09e10
2003,55,2.55e10
2004,55,4.e10
2005,55,4.92e10
2006,55,5.45e10
2007,55,6.31e10
2008,55,7.41e10
2009,55,7.15e10
2010,55,6.15e10
2011,55,6.53e10
2012,55,7.16e10
2013,55,6.87e10
2014,55,6.82e10
2015,55,5.73e10
2016,55,4.92e10
2017,55,4.7e10
2018,55,4.47e10
2019,55,4.15e10
2020,55,4.05e10
1995,56,1.84e10
1996,56,1.98e10
1997,56,2.11e10
1998,56,2.1e10
1999,56,1.96e10
2000,56,1.79e10
2001,56,1.99e10
2002,56,2.03e10
2003,56,2.01e10
2004,56,2.13e10
2005,56,2.29e10
2006,56,2.28e10
2007,56,2.35e10
2008,56,2.06e10
2009,56,2.23e10
2010,56,2.22e10
2011,56,2.55e10
2012,56,2.67e10
2013,56,2.33e10
2014,56,3.27e10
2015,56,2.48e10
2016,56,2.72e10
2017,56,2.4e10
2018,56,2.77e10
2019,56,2.9e10
2020,56,2.9e10
1995,57,8.5e10
1996,57,9.17e10
1997,57,9.78e10
1998,57,1.02e11
1999,57,1.03e11
2000,57,1.08e11
2001,57,1.09e11
2002,57,1.16e11
2003,57,1.25e11
2004,57,1.36e11
2005,57,1.48e11
2006,57,1.58e11
2007,57,1.67e11
2008,57,1.68e11
2009,57,1.56e11
2010,57,1.55e11
2011,57,1.65e11
2012,57,1.74e11
2013,57,1.84e11
2014,57,1.92e11
2015,57,1.96e11
2016,57,2.01e11
2017,57,2.11e11
2018,57,2.21e11
2019,57,2.28e11
2020,57,2.2e11
1995,58,2.07e11
1996,58,2.27e11
1997,58,2.43e11
1998,58,2.43e11
1999,58,2.59e11
2000,58,2.83e11
2001,58,3.e11
2002,58,3.06e11
2003,58,3.26e11
2004,58,3.81e11
2005,58,4.41e11
2006,58,5.02e11
2007,58,5.86e11
2008,58,6.5e11
2009,58,7.29e11
2010,58,8.27e11
2011,58,9.21e11
2012,58,1.02e12
2013,58,1.14e12
2014,58,1.24e12
2015,58,1.35e12
2016,58,1.47e12
2017,58,1.59e12
2018,58,1.71e12
2019,58,1.88e12
2020,58,2.e12
1995,59,3.09e10
1996,59,3.33e10
1997,59,3.22e10
1998,59,3.26e10
1999,59,3.66e10
2000,59,3.75e10
2001,59,3.83e10
2002,59,4.14e10
2003,59,4.15e10
2004,59,4.47e10
2005,59,4.42e10
2006,59,4.43e10
2007,59,4.44e10
2008,59,4.56e10
2009,59,4.57e10
2010,59,4.6e10
2011,59,4.58e10
2012,59,4.62e10
2013,59,5.01e10
2014,59,5.08e10
2015,59,5.23e10
2016,59,5.48e10
2017,59,5.68e10
2018,59,6.05e10
2019,59,6.07e10
2020,59,4.83e10
1995,60,4.98e11
1996,60,5.28e11
1997,60,5.49e11
1998,60,5.87e11
1999,60,6.75e11
2000,60,7.41e11
2001,60,7.38e11
2002,60,7.46e11
2003,60,7.7e11
2004,60,8.21e11
2005,60,8.94e11
2006,60,9.76e11
2007,60,1.04e12
2008,60,1.03e12
2009,60,9.97e11
2010,60,1.04e12
2011,60,1.04e12
2012,60,1.03e12
2013,60,1.07e12
2014,60,1.1e12
2015,60,1.11e12
2016,60,1.13e12
2017,60,1.15e12
2018,60,1.16e12
2019,60,1.09e12
2020,60,1.06e12
1995,61,7.01e12
1996,61,7.27e12
1997,61,7.57e12
1998,61,7.83e12
1999,61,8.63e12
2000,61,9.4e12
2001,61,9.68e12
2002,61,9.94e12
2003,61,1.07e13
2004,61,1.19e13
2005,61,1.33e13
2006,61,1.48e13
2007,61,1.58e13
2008,61,1.53e13
2009,61,1.46e13
2010,61,1.51e13
2011,61,1.56e13
2012,61,1.54e13
2013,61,1.53e13
2014,61,1.51e13
2015,61,1.49e13
2016,61,1.53e13
2017,61,1.59e13
2018,61,1.64e13
2019,61,1.7e13
2020,61,1.55e13
1995,62,5.84e10
1996,62,6.33e10
1997,62,6.98e10
1998,62,7.39e10
1999,62,6.7e10
2000,62,6.56e10
2001,62,6.98e10
2002,62,7.38e10
2003,62,7.89e10
2004,62,7.76e10
2005,62,8.61e10
2006,62,8.59e10
2007,62,9.54e10
2008,62,9.47e10
2009,62,9.37e10
2010,62,9.9e10
2011,62,1.14e11
2012,62,1.18e11
2013,62,1.3e11
2014,62,1.39e11
2015,62,1.47e11
2016,62,1.49e11
2017,62,1.49e11
2018,62,1.51e11
2019,62,1.59e11
2020,62,1.56e11
1995,63,9.42e9
1996,63,9.67e9
1997,63,1.03e10
1998,63,1.07e10
1999,63,1.17e10
2000,63,1.23e10
2001,63,1.29e10
2002,63,1.18e10
2003,63,1.2e10
2004,63,1.39e10
2005,63,1.35e10
2006,63,1.31e10
2007,63,1.37e10
2008,63,1.56e10
2009,63,1.72e10
2010,63,1.82e10
2011,63,1.55e10
2012,63,1.65e10
2013,63,1.69e10
2014,63,1.6e10
2015,63,1.67e10
2016,63,1.67e10
2017,63,1.78e10
2018,63,1.94e10
2019,63,2.07e10
2020,63,2.07e10
1995,64,6.99e10
1996,64,7.49e10
1997,64,8.55e10
1998,64,8.47e10
1999,64,8.35e10
2000,64,8.12e10
2001,64,8.47e10
2002,64,8.87e10
2003,64,9.84e10
2004,64,1.08e11
2005,64,1.2e11
2006,64,1.32e11
2007,64,1.46e11
2008,64,1.47e11
2009,64,1.36e11
2010,64,1.42e11
2011,64,1.53e11
2012,64,1.64e11
2013,64,1.69e11
2014,64,1.77e11
2015,64,1.75e11
2016,64,1.75e11
2017,64,1.85e11
2018,64,1.99e11
2019,64,2.12e11
2020,64,1.98e11
1995,65,1.15e13
1996,65,1.17e13
1997,65,1.21e13
1998,65,1.25e13
1999,65,1.27e13
2000,65,1.31e13
2001,65,1.31e13
2002,65,1.3e13
2003,65,1.3e13
2004,65,1.32e13
2005,65,1.35e13
2006,65,1.39e13
2007,65,1.43e13
2008,65,1.47e13
2009,65,1.46e13
2010,65,1.49e13
2011,65,1.51e13
2012,65,1.54e13
2013,65,1.59e13
2014,65,1.63e13
2015,65,1.69e13
2016,65,1.76e13
2017,65,1.84e13
2018,65,1.93e13
2019,65,2.01e13
2020,65,1.95e13
1995,66,1.73e11
1996,66,1.84e11
1997,66,1.93e11
1998,66,2.04e11
1999,66,2.11e11
2000,66,2.05e11
2001,66,2.19e11
2002,66,2.38e11
2003,66,2.6e11
2004,66,2.9e11
2005,66,3.24e11
2006,66,3.7e11
2007,66,3.91e11
2008,66,4.32e11
2009,66,4.42e11
2010,66,4.8e11
2011,66,5.48e11
2012,66,5.92e11
2013,66,6.58e11
2014,66,6.68e11
2015,66,6.83e11
2016,66,7.11e11
2017,66,7.54e11
2018,66,7.94e11
2019,66,8.51e11
2020,66,8.63e11
1995,67,1.14e12
1996,67,1.17e12
1997,67,1.25e12
1998,67,1.31e12
1999,67,1.48e12
2000,67,1.52e12
2001,67,1.46e12
2002,67,1.45e12
2003,67,1.49e12
2004,67,1.57e12
2005,67,1.6e12
2006,67,1.71e12
2007,67,1.77e12
2008,67,1.72e12
2009,67,1.62e12
2010,67,1.46e12
2011,67,1.33e12
2012,67,1.26e12
2013,67,1.19e12
2014,67,1.2e12
2015,67,1.16e12
2016,67,1.12e12
2017,67,1.13e12
2018,67,1.13e12
2019,67,1.14e12
2020,67,1.04e12
1995,68,3.24e9
1996,68,3.4e9
1997,68,3.56e9
1998,68,4.07e9
1999,68,4.36e9
2000,68,4.5e9
2001,68,4.24e9
2002,68,4.28e9
2003,68,4.7e9
2004,68,4.48e9
2005,68,5.81e9
2006,68,5.34e9
2007,68,5.54e9
2008,68,5.62e9
2009,68,4.71e9
2010,68,4.76e9
2011,68,4.7e9
2012,68,4.52e9
2013,68,4.76e9
2014,68,4.81e9
2015,68,5.21e9
2016,68,5.65e9
2017,68,5.99e9
2018,68,6.35e9
2019,68,6.58e9
2020,68,5.66e9
1995,69,2.89e11
1996,69,2.99e11
1997,69,3.17e11
1998,69,3.37e11
1999,69,3.52e11
2000,69,3.71e11
2001,69,3.89e11
2002,69,4.07e11
2003,69,4.23e11
2004,69,4.42e11
2005,69,4.62e11
2006,69,4.91e11
2007,69,5.29e11
2008,69,5.57e11
2009,69,5.6e11
2010,69,5.76e11
2011,69,6.02e11
2012,69,6.25e11
2013,69,6.49e11
2014,69,6.77e11
2015,69,7.08e11
2016,69,7.31e11
2017,69,7.58e11
2018,69,7.87e11
2019,69,8.21e11
2020,69,8.1e11
1995,70,5.68e10
1996,70,6.e10
1997,70,6.32e10
1998,70,6.6e10
1999,70,7.e10
2000,70,7.26e10
2001,70,7.6e10
2002,70,8.23e10
2003,70,8.2e10
2004,70,8.78e10
2005,70,9.2e10
2006,70,9.28e10
2007,70,1.e11
2008,70,1.06e11
2009,70,1.03e11
2010,70,1.1e11
2011,70,1.14e11
2012,70,1.19e11
2013,70,1.16e11
2014,70,1.19e11
2015,70,1.18e11
2016,70,8.29e10
2017,70,1.45e11
2018,70,1.57e11
2019,70,1.69e11
2020,70,1.82e11
1995,71,5.86e9
1996,71,6.92e9
1997,71,8.58e9
1998,71,5.04e9
1999,71,5.67e9
2000,71,7.58e9
2001,71,7.69e9
2002,71,7.32e9
2003,71,7.31e9
2004,71,7.78e9
2005,71,8.49e9
2006,71,8.91e9
2007,71,9.58e9
2008,71,1.07e10
2009,71,1.14e10
2010,71,1.33e10
2011,71,1.54e10
2012,71,1.47e10
2013,71,1.57e10
2014,71,1.65e10
2015,71,1.76e10
2016,71,1.87e10
2017,71,1.99e10
2018,71,1.98e10
2019,71,2.09e10
2020,71,2.04e10
1995,72,3.07e10
1996,72,3.58e10
1997,72,4.05e10
1998,72,4.21e10
1999,72,4.44e10
2000,72,4.4e10
2001,72,4.5e10
2002,72,4.6e10
2003,72,4.6e10
2004,72,4.85e10
2005,72,4.85e10
2006,72,5.44e10
2007,72,5.89e10
2008,72,6.17e10
2009,72,6.29e10
2010,72,6.55e10
2011,72,6.72e10
2012,72,7.1e10
2013,72,7.33e10
2014,72,7.35e10
2015,72,7.32e10
2016,72,7.39e10
2017,72,7.54e10
2018,72,7.81e10
2019,72,8.18e10
2020,72,1.19e11
1995,73,1.13e11
1996,73,1.19e11
1997,73,1.24e11
1998,73,1.29e11
1999,73,1.34e11
2000,73,1.37e11
2001,73,1.38e11
2002,73,1.41e11
2003,73,1.46e11
2004,73,1.49e11
2005,73,1.56e11
2006,73,1.65e11
2007,73,1.76e11
2008,73,1.84e11
2009,73,1.94e11
2010,73,1.96e11
2011,73,2.07e11
2012,73,2.1e11
2013,73,2.15e11
2014,73,2.22e11
2015,73,2.25e11
2016,73,2.31e11
2017,73,2.38e11
2018,73,2.41e11
2019,73,2.38e11
2020,73,2.3e11
1995,74,9.27e10
1996,74,9.62e10
1997,74,1.04e11
1998,74,1.11e11
1999,74,1.13e11
2000,74,1.23e11
2001,74,1.28e11
2002,74,1.35e11
2003,74,1.41e11
2004,74,1.51e11
2005,74,1.64e11
2006,74,1.81e11
2007,74,2.02e11
2008,74,2.12e11
2009,74,2.05e11
2010,74,2.11e11
2011,74,2.21e11
2012,74,2.26e11
2013,74,2.28e11
2014,74,2.32e11
2015,74,2.49e11
2016,74,2.58e11
2017,74,2.76e11
2018,74,2.81e11
2019,74,2.94e11
2020,74,2.7e11
1995,75,9.14e11
1996,75,9.27e11
1997,75,1.04e12
1998,75,1.08e12
1999,75,1.09e12
2000,75,1.17e12
2001,75,1.25e12
2002,75,1.32e12
2003,75,1.47e12
2004,75,1.63e12
2005,75,1.75e12
2006,75,1.93e12
2007,75,2.08e12
2008,75,2.24e12
2009,75,2.23e12
2010,75,2.35e12
2011,75,2.44e12
2012,75,2.41e12
2013,75,2.49e12
2014,75,2.58e12
2015,75,2.7e12
2016,75,2.8e12
2017,75,2.99e12
2018,75,3.12e12
2019,75,3.01e12
2020,75,2.82e12
1995,76,6.66e11
1996,76,6.48e11
1997,76,6.84e11
1998,76,7.08e11
1999,76,7.35e11
2000,76,7.77e11
2001,76,8.11e11
2002,76,8.53e11
2003,76,8.75e11
2004,76,8.8e11
2005,76,9.01e11
2006,76,9.29e11
2007,76,9.16e11
2008,76,9.23e11
2009,76,9.01e11
2010,76,8.86e11
2011,76,8.82e11
2012,76,8.56e11
2013,76,8.89e11
2014,76,9.47e11
2015,76,1.01e12
2016,76,1.08e12
2017,76,1.12e12
2018,76,1.21e12
2019,76,1.29e12
2020,76,1.22e12
1995,77,3.97e10
1996,77,4.26e10
1997,77,4.61e10
1998,77,5.07e10
1999,77,5.33e10
2000,77,5.88e10
2001,77,6.42e10
2002,77,6.79e10
2003,77,7.03e10
2004,77,7.51e10
2005,77,8.39e10
2006,77,9.1e10
2007,77,1.03e11
2008,77,8.35e10
2009,77,7.15e10
2010,77,7.08e10
2011,77,7.49e10
2012,77,8.03e10
2013,77,9.12e10
2014,77,9.47e10
2015,77,9.99e10
2016,77,1.12e11
2017,77,1.23e11
2018,77,1.34e11
2019,77,1.37e11
2020,77,1.26e11
1995,78,7.57e12
1996,78,8.28e12
1997,78,9.07e12
1998,78,9.51e12
1999,78,1.02e13
2000,78,1.12e13
2001,78,1.16e13
2002,78,1.22e13
2003,78,1.31e13
2004,78,1.46e13
2005,78,1.61e13
2006,78,1.78e13
2007,78,1.96e13
2008,78,2.21e13
2009,78,2.3e13
2010,78,2.5e13
2011,78,2.79e13
2012,78,3.01e13
2013,78,3.19e13
2014,78,3.49e13
2015,78,3.8e13
2016,78,4.14e13
2017,78,4.41e13
2018,78,4.61e13
2019,78,4.82e13
2020,78,4.41e13
1995,79,2.28e12
1996,79,2.52e12
1997,79,2.71e12
1998,79,2.5e12
1999,79,2.31e12
2000,79,3.04e12
2001,79,3.4e12
2002,79,3.57e12
2003,79,3.87e12
2004,79,4.14e12
2005,79,4.6e12
2006,79,5.04e12
2007,79,5.71e12
2008,79,6.68e12
2009,79,7.22e12
2010,79,8.4e12
2011,79,9.22e12
2012,79,9.78e12
2013,79,1.01e13
2014,79,1.05e13
2015,79,1.08e13
2016,79,1.16e13
2017,79,1.22e13
2018,79,1.29e13
2019,79,1.39e13
2020,79,1.34e13
1995,80,3.11e12
1996,80,3.32e12
1997,80,3.48e12
1998,80,3.59e12
1999,80,3.75e12
2000,80,4.02e12
2001,80,4.17e12
2002,80,4.57e12
2003,80,5.02e12
2004,80,5.36e12
2005,80,5.72e12
2006,80,6.08e12
2007,80,6.69e12
2008,80,6.84e12
2009,80,6.93e12
2010,80,7.45e12
2011,80,7.78e12
2012,80,7.02e12
2013,80,6.94e12
2014,80,7.3e12
2015,80,7.39e12
2016,80,8.28e12
2017,80,8.87e12
2018,80,8.48e12
2019,80,7.85e12
2020,80,8.06e12
1995,81,3.82e11
1996,81,4.2e11
1997,81,4.8e11
1998,81,6.87e11
1999,81,8.67e11
2000,81,9.11e11
2001,81,9.02e11
2002,81,8.05e11
2003,81,5.48e11
2004,81,8.82e11
2005,81,8.61e11
2006,81,1.04e12
2007,81,1.11e12
2008,81,1.38e12
2009,81,1.47e12
2010,81,1.55e12
2011,81,1.66e12
2012,81,1.93e12
2013,81,2.09e12
2014,81,2.1e12
2015,81,2.2e12
2016,81,2.52e12
2017,81,2.49e12
2018,81,2.52e12
2019,81,2.66e12
2020,81,2.36e12
1995,82,3.56e11
1996,82,3.97e11
1997,82,4.66e11
1998,82,5.59e11
1999,82,6.68e11
2000,82,7.29e11
2001,82,7.31e11
2002,82,7.81e11
2003,82,8.21e11
2004,82,9.23e11
2005,82,1.03e12
2006,82,1.17e12
2007,82,1.29e12
2008,82,1.3e12
2009,82,1.2e12
2010,82,1.05e12
2011,82,8.77e11
2012,82,7.88e11
2013,82,8.05e11
2014,82,8.95e11
2015,82,9.09e11
2016,82,9.83e11
2017,82,1.06e12
2018,82,1.14e12
2019,82,1.23e12
2020,82,1.28e12
1995,83,6.33e11
1996,83,6.66e11
1997,83,6.97e11
1998,83,7.34e11
1999,83,7.43e11
2000,83,7.92e11
2001,83,8.28e11
2002,83,8.39e11
2003,83,8.51e11
2004,83,9.12e11
2005,83,9.81e11
2006,83,1.06e12
2007,83,1.14e12
2008,83,1.17e12
2009,83,1.19e12
2010,83,1.28e12
2011,83,1.34e12
2012,83,1.36e12
2013,83,1.47e12
2014,83,1.55e12
2015,83,1.59e12
2016,83,1.65e12
2017,83,1.76e12
2018,83,1.84e12
2019,83,1.91e12
2020,83,1.86e12
1995,84,7.99e12
1996,84,8.05e12
1997,84,8.44e12
1998,84,8.84e12
1999,84,9.13e12
2000,84,9.55e12
2001,84,9.86e12
2002,84,1.01e13
2003,84,1.06e13
2004,84,1.11e13
2005,84,1.23e13
2006,84,1.38e13
2007,84,1.44e13
2008,84,1.42e13
2009,84,1.4e13
2010,84,1.39e13
2011,84,1.38e13
2012,84,1.36e13
2013,84,1.33e13
2014,84,1.29e13
2015,84,1.26e13
2016,84,1.23e13
2017,84,1.22e13
2018,84,1.2e13
2019,84,1.2e13
2020,84,1.08e13
1995,85,1.e11
1996,85,1.05e11
1997,85,1.06e11
1998,85,1.04e11
1999,85,1.04e11
2000,85,1.05e11
2001,85,1.07e11
2002,85,1.06e11
2003,85,1.1e11
2004,85,1.15e11
2005,85,1.16e11
2006,85,1.21e11
2007,85,1.24e11
2008,85,1.24e11
2009,85,1.15e11
2010,85,1.18e11
2011,85,1.22e11
2012,85,1.24e11
2013,85,1.24e11
2014,85,1.25e11
2015,85,1.21e11
2016,85,1.22e11
2017,85,1.27e11
2018,85,1.29e11
2019,85,1.31e11
2020,85,1.18e11
1995,86,2.61e13
1996,86,2.63e13
1997,86,2.64e13
1998,86,2.64e13
1999,86,2.67e13
2000,86,2.68e13
2001,86,2.65e13
2002,86,2.6e13
2003,86,2.58e13
2004,86,2.58e13
2005,86,2.65e13
2006,86,2.76e13
2007,86,2.81e13
2008,86,2.73e13
2009,86,2.61e13
2010,86,2.62e13
2011,86,2.6e13
2012,86,2.61e13
2013,86,2.69e13
2014,86,2.74e13
2015,86,2.72e13
2016,86,2.71e13
2017,86,2.78e13
2018,86,2.8e13
2019,86,2.83e13
2020,86,2.68e13
1995,87,1.29e11
1996,87,1.27e11
1997,87,1.36e11
1998,87,1.45e11
1999,87,1.55e11
2000,87,1.65e11
2001,87,1.8e11
2002,87,1.92e11
2003,87,2.05e11
2004,87,2.27e11
2005,87,2.36e11
2006,87,2.66e11
2007,87,2.99e11
2008,87,3.32e11
2009,87,3.51e11
2010,87,3.55e11
2011,87,3.64e11
2012,87,3.68e11
2013,87,3.85e11
2014,87,3.98e11
2015,87,4.1e11
2016,87,4.18e11
2017,87,4.32e11
2018,87,4.43e11
2019,87,4.41e11
2020,87,4.35e11
1995,88,5.84e11
1996,88,5.78e11
1997,88,5.89e11
1998,88,5.81e11
1999,88,5.82e11
2000,88,6.e11
2001,88,7.13e11
2002,88,8.02e11
2003,88,8.92e11
2004,88,9.93e11
2005,88,1.06e12
2006,88,1.15e12
2007,88,1.24e12
2008,88,1.27e12
2009,88,1.35e12
2010,88,1.42e12
2011,88,1.53e12
2012,88,1.63e12
2013,88,1.8e12
2014,88,1.87e12
2015,88,1.94e12
2016,88,1.9e12
2017,88,1.94e12
2018,88,1.99e12
2019,88,2.07e12
2020,88,2.01e12
1995,89,3.67e11
1996,89,4.01e11
1997,89,4.13e11
1998,89,4.36e11
1999,89,4.55e11
2000,89,4.61e11
2001,89,4.91e11
2002,89,4.98e11
2003,89,5.19e11
2004,89,5.57e11
2005,89,6.1e11
2006,89,6.71e11
2007,89,7.29e11
2008,89,7.44e11
2009,89,7.71e11
2010,89,8.39e11
2011,89,9.02e11
2012,89,9.43e11
2013,89,1.e12
2014,89,9.75e11
2015,89,1.1e12
2016,89,1.18e12
2017,89,1.21e12
2018,89,1.3e12
2019,89,1.37e12
2020,89,1.37e12
1995,90,1.14e9
1996,90,8.74e8
1997,90,1.22e9
1998,90,1.38e9
1999,90,1.23e9
2000,90,1.4e9
2001,90,1.61e9
2002,90,1.56e9
2003,90,1.42e9
2004,90,1.42e9
2005,90,1.54e9
2006,90,1.63e9
2007,90,1.71e9
2008,90,1.71e9
2009,90,1.66e9
2010,90,1.75e9
2011,90,1.68e9
2012,90,1.95e9
2013,90,2.2e9
2014,90,2.52e9
2015,90,3.08e9
2016,90,2.79e9
2017,90,3.08e9
2018,90,3.11e9
2019,90,3.2e9
2020,90,3.2e9
1995,91,4.15e10
1996,91,4.61e10
1997,91,5.06e10
1998,91,4.66e10
1999,91,3.57e10
2000,91,3.83e10
2001,91,5.02e10
2002,91,5.02e10
2003,91,5.39e10
2004,91,5.93e10
2005,91,6.39e10
2006,91,6.82e10
2007,91,7.47e10
2008,91,7.88e10
2009,91,7.97e10
2010,91,8.31e10
2011,91,8.8e10
2012,91,9.14e10
2013,91,9.43e10
2014,91,9.54e10
2015,91,9.88e10
2016,91,1.03e11
2017,91,1.08e11
2018,91,1.12e11
2019,91,1.18e11
2020,91,1.11e11
1995,92,6.06e11
1996,92,6.09e11
1997,92,6.65e11
1998,92,7.21e11
1999,92,6.92e11
2000,92,7.26e11
2001,92,7.44e11
2002,92,7.34e11
2003,92,8.44e11
2004,92,9.68e11
2005,92,1.08e12
2006,92,1.21e12
2007,92,1.32e12
2008,92,1.32e12
2009,92,1.34e12
2010,92,1.35e12
2011,92,1.44e12
2012,92,1.57e12
2013,92,1.69e12
2014,92,1.83e12
2015,92,2.1e12
2016,92,2.23e12
2017,92,2.12e12
2018,92,2.14e12
2019,92,2.13e12
2020,92,1.96e12
1995,93,5.2e10
1996,93,5.41e10
1997,93,5.76e10
1998,93,5.33e10
1999,93,5.27e10
2000,93,5.54e10
2001,93,6.35e10
2002,93,6.48e10
2003,93,7.25e10
2004,93,7.82e10
2005,93,8.19e10
2006,93,8.97e10
2007,93,1.01e11
2008,93,1.05e11
2009,93,1.07e11
2010,93,1.04e11
2011,93,1.08e11
2012,93,1.14e11
2013,93,1.15e11
2014,93,1.17e11
2015,93,1.16e11
2016,93,1.27e11
2017,93,1.35e11
2018,93,1.44e11
2019,93,1.52e11
2020,93,1.39e11
1995,94,7.45e10
1996,94,8.07e10
1997,94,7.96e10
1998,94,7.92e10
1999,94,9.06e10
2000,94,9.48e10
2001,94,9.95e10
2002,94,1.03e11
2003,94,1.11e11
2004,94,1.21e11
2005,94,1.29e11
2006,94,1.43e11
2007,94,1.56e11
2008,94,1.68e11
2009,94,1.77e11
2010,94,1.91e11
2011,94,2.07e11
2012,94,2.22e11
2013,94,2.35e11
2014,94,2.51e11
2015,94,2.59e11
2016,94,2.76e11
2017,94,2.93e11
2018,94,3.06e11
2019,94,3.21e11
2020,94,3.19e11
1995,95,1.19e11
1996,95,1.29e11
1997,95,1.36e11
1998,95,1.44e11
1999,95,1.5e11
2000,95,1.58e11
2001,95,1.62e11
2002,95,1.66e11
2003,95,1.75e11
2004,95,1.8e11
2005,95,1.93e11
2006,95,2.17e11
2007,95,2.43e11
2008,95,2.45e11
2009,95,2.31e11
2010,95,1.96e11
2011,95,2.05e11
2012,95,2.2e11
2013,95,2.32e11
2014,95,2.33e11
2015,95,2.43e11
2016,95,2.54e11
2017,95,2.64e11
2018,95,2.73e11
2019,95,2.81e11
2020,95,2.67e11
1995,96,3.93e11
1996,96,4.4e11
1997,96,3.99e11
1998,96,4.06e11
1999,96,4.e11
2000,96,4.05e11
2001,96,4.11e11
2002,96,4.09e11
2003,96,3.55e11
2004,96,4.61e11
2005,96,4.89e11
2006,96,5.07e11
2007,96,5.88e11
2008,96,6.51e11
2009,96,7.26e11
2010,96,7.85e11
2011,96,7.99e11
2012,96,8.22e11
2013,96,8.38e11
2014,96,8.33e11
2015,96,8.34e11
2016,96,8.46e11
2017,96,8.7e11
2018,96,8.44e11
2019,96,7.9e11
2020,96,5.9e11
1995,97,2.16e10
1996,97,2.08e10
1997,97,2.01e10
1998,97,1.83e10
1999,97,1.79e10
2000,97,1.7e10
2001,97,1.57e10
2002,97,1.63e10
2003,97,1.86e10
2004,97,1.94e10
2005,97,2.11e10
2006,97,2.23e10
2007,97,2.32e10
2008,97,2.5e10
2009,97,2.53e10
2010,97,2.52e10
2011,97,2.47e10
2012,97,2.56e10
2013,97,2.64e10
2014,97,2.64e10
2015,97,2.72e10
2016,97,3.02e10
2017,97,3.02e10
2018,97,2.98e10
2019,97,2.96e10
2020,97,2.86e10
1995,98,8.19e7
1996,98,1.62e9
1997,98,1.08e10
1998,98,1.44e10
1999,98,1.74e10
2000,98,2.11e10
2001,98,2.12e10
2002,98,2.21e10
2003,98,1.18e10
2004,98,8.15e9
2005,98,1.29e10
2006,98,2.12e10
2007,98,3.37e10
2008,98,5.09e10
2009,98,6.98e10
2010,98,2.21e9
2011,98,1.17e10
2012,98,3.58e10
2013,98,4.91e10
2014,98,6.35e10
2015,98,4.99e10
2016,98,3.54e10
2017,98,3.e10
2018,98,2.88e10
2019,98,2.63e10
2020,98,2.48e10
1995,99,2.33e11
1996,99,2.44e11
1997,99,2.79e11
1998,99,2.87e11
1999,99,3.45e11
2000,99,3.68e11
2001,99,3.84e11
2002,99,4.25e11
2003,99,5.28e11
2004,99,5.69e11
2005,99,6.53e11
2006,99,7.63e11
2007,99,8.92e11
2008,99,9.01e11
2009,99,1.02e12
2010,99,1.05e12
2011,99,5.36e11
2012,99,8.83e11
2013,99,8.04e11
2014,99,6.94e11
2015,99,6.47e11
2016,99,5.99e11
2017,99,7.67e11
2018,99,8.61e11
2019,99,8.78e11
2020,99,3.39e11
1995,100,1.38e11
1996,100,1.51e11
1997,100,1.61e11
1998,100,1.72e11
1999,100,1.72e11
2000,100,1.78e11
2001,100,1.88e11
2002,100,1.97e11
2003,100,2.13e11
2004,100,2.32e11
2005,100,2.58e11
2006,100,2.82e11
2007,100,3.09e11
2008,100,3.18e11
2009,100,2.94e11
2010,100,2.71e11
2011,100,2.71e11
2012,100,2.77e11
2013,100,2.9e11
2014,100,3.08e11
2015,100,3.19e11
2016,100,3.33e11
2017,100,3.47e11
2018,100,3.7e11
2019,100,3.92e11
2020,100,3.89e11
1995,101,1.47e11
1996,101,1.49e11
1997,101,1.59e11
1998,101,1.71e11
1999,101,1.74e11
2000,101,1.86e11
2001,101,2.03e11
2002,101,2.23e11
2003,101,2.33e11
2004,101,2.44e11
2005,101,2.53e11
2006,101,2.7e11
2007,101,2.92e11
2008,101,2.75e11
2009,101,2.75e11
2010,101,2.82e11
2011,101,2.75e11
2012,101,2.69e11
2013,101,2.84e11
2014,101,3.e11
2015,101,3.2e11
2016,101,3.33e11
2017,101,3.33e11
2018,101,3.26e11
2019,101,2.72e11
2020,101,2.68e11
1995,102,9.6e10
1996,102,9.68e10
1997,102,9.79e10
1998,102,9.41e10
1999,102,9.28e10
2000,102,9.99e10
2001,102,1.04e11
2002,102,1.14e11
2003,102,1.27e11
2004,102,1.61e11
2005,102,1.72e11
2006,102,1.88e11
2007,102,2.46e11
2008,102,2.22e11
2009,102,2.29e11
2010,102,2.91e11
2011,102,3.5e11
2012,102,3.75e11
2013,102,4.17e11
2014,102,4.16e11
2015,102,3.4e11
2016,102,3.44e11
2017,102,3.85e11
2018,102,4.14e11
2019,102,3.9e11
2020,102,1.47e11
1995,103,9.29e10
1996,103,9.51e10
1997,103,1.02e11
1998,103,1.07e11
1999,103,1.14e11
2000,103,1.22e11
2001,103,1.32e11
2002,103,1.15e11
2003,103,1.3e11
2004,103,1.39e11
2005,103,1.49e11
2006,103,1.63e11
2007,103,1.8e11
2008,103,1.92e11
2009,103,1.82e11
2010,103,1.81e11
2011,103,1.83e11
2012,103,1.85e11
2013,103,1.87e11
2014,103,1.94e11
2015,103,1.98e11
2016,103,2.06e11
2017,103,2.17e11
2018,103,2.28e11
2019,103,2.4e11
2020,103,2.3e11
1995,104,2.66e10
1996,104,3.29e10
1997,104,3.53e10
1998,104,3.46e10
1999,104,3.56e10
2000,104,3.6e10
2001,104,3.41e10
2002,104,3.96e10
2003,104,4.07e10
2004,104,4.39e10
2005,104,4.68e10
2006,104,5.31e10
2007,104,6.12e10
2008,104,6.57e10
2009,104,7.2e10
2010,104,7.6e10
2011,104,7.75e10
2012,104,8.3e10
2013,104,8.38e10
2014,104,8.91e10
2015,104,9.33e10
2016,104,9.75e10
2017,104,1.e11
2018,104,1.03e11
2019,104,1.08e11
2020,104,1.1e11
1995,105,8.e11
1996,105,8.95e11
1997,105,9.77e11
1998,105,9.52e11
1999,105,9.63e11
2000,105,1.17e12
2001,105,1.16e12
2002,105,1.28e12
2003,105,1.42e12
2004,105,1.62e12
2005,105,1.89e12
2006,105,2.07e12
2007,105,2.31e12
2008,105,2.72e12
2009,105,2.47e12
2010,105,2.77e12
2011,105,3.05e12
2012,105,3.15e12
2013,105,3.31e12
2014,105,3.56e12
2015,105,3.89e12
2016,105,4.09e12
2017,105,4.34e12
2018,105,4.58e12
2019,105,4.78e12
2020,105,4.48e12
1995,106,1.01e10
1996,106,1.11e10
1997,106,1.23e10
1998,106,1.35e10
1999,106,1.46e10
2000,106,1.55e10
2001,106,1.49e10
2002,106,1.63e10
2003,106,1.91e10
2004,106,2.1e10
2005,106,1.79e10
2006,106,2.35e10
2007,106,2.17e10
2008,106,2.47e10
2009,106,2.27e10
2010,106,2.45e10
2011,106,2.74e10
2012,106,2.83e10
2013,106,3.01e10
2014,106,3.33e10
2015,106,3.5e10
2016,106,3.76e10
2017,106,4.07e10
2018,106,4.39e10
2019,106,4.77e10
2020,106,3.08e10
1995,107,6.96e10
1996,107,7.52e10
1997,107,7.86e10
1998,107,8.58e10
1999,107,9.36e10
2000,107,9.23e10
2001,107,1.07e11
2002,107,1.1e11
2003,107,1.25e11
2004,107,1.27e11
2005,107,1.38e11
2006,107,1.49e11
2007,107,1.59e11
2008,107,1.69e11
2009,107,1.76e11
2010,107,1.87e11
2011,107,1.96e11
2012,107,1.94e11
2013,107,2.01e11
2014,107,2.18e11
2015,107,2.41e11
2016,107,2.55e11
2017,107,2.68e11
2018,107,2.83e11
2019,107,2.98e11
2020,107,2.93e11
1995,108,3.98e10
1996,108,4.13e10
1997,108,4.44e10
1998,108,4.63e10
1999,108,4.92e10
2000,108,5.08e10
2001,108,5.15e10
2002,108,5.3e10
2003,108,5.52e10
2004,108,5.63e10
2005,108,5.82e10
2006,108,6.14e10
2007,108,6.61e10
2008,108,6.76e10
2009,108,6.49e10
2010,108,6.74e10
2011,108,6.82e10
2012,108,6.98e10
2013,108,7.26e10
2014,108,7.76e10
2015,108,8.42e10
2016,108,8.65e10
2017,108,9.34e10
2018,108,1.e11
2019,108,1.02e11
2020,108,9.47e10
1995,109,9.16e8
1996,109,8.34e8
1997,109,9.79e8
1998,109,1.02e9
1999,109,1.06e9
2000,109,1.11e9
2001,109,1.2e9
2002,109,1.21e9
2003,109,1.21e9
2004,109,1.24e9
2005,109,1.35e9
2006,109,1.37e9
2007,109,1.39e9
2008,109,1.33e9
2009,109,1.38e9
2010,109,1.42e9
2011,109,1.4e9
2012,109,1.13e9
2013,109,1.22e9
2014,109,1.42e9
2015,109,1.56e9
2016,109,1.59e9
2017,109,1.65e9
2018,109,1.93e9
2019,109,2.06e9
2020,109,2.e9
1995,110,4.09e10
1996,110,4.4e10
1997,110,4.23e10
1998,110,4.33e10
1999,110,4.67e10
2000,110,4.37e10
2001,110,4.34e10
2002,110,5.11e10
2003,110,5.26e10
2004,110,5.62e10
2005,110,6.31e10
2006,110,8.04e10
2007,110,8.09e10
2008,110,8.08e10
2009,110,7.97e10
2010,110,8.35e10
2011,110,8.84e10
2012,110,8.39e10
2013,110,8.66e10
2014,110,8.66e10
2015,110,9.05e10
2016,110,9.34e10
2017,110,9.88e10
2018,110,1.02e11
2019,110,1.09e11
2020,110,1.07e11
1995,111,4.48e10
1996,111,4.86e10
1997,111,5.24e10
1998,111,5.47e10
1999,111,6.21e10
2000,111,6.69e10
2001,111,7.37e10
2002,111,9.4e10
2003,111,1.15e11
2004,111,1.33e11
2005,111,1.6e11
2006,111,1.93e11
2007,111,2.34e11
2008,111,2.52e11
2009,111,2.73e11
2010,111,2.64e11
2011,111,2.29e11
2012,111,2.07e11
2013,111,2.06e11
2014,111,2.24e11
2015,111,2.12e11
2016,111,1.92e11
2017,111,1.98e11
2018,111,2.09e11
2019,111,1.67e11
2020,111,1.38e11
1995,112,3.02e12
1996,112,3.23e12
1997,112,3.61e12
1998,112,3.87e12
1999,112,4.11e12
2000,112,4.49e12
2001,112,4.61e12
2002,112,4.56e12
2003,112,4.57e12
2004,112,4.71e12
2005,112,5.14e12
2006,112,5.39e12
2007,112,5.79e12
2008,112,6.52e12
2009,112,6.8e12
2010,112,6.78e12
2011,112,7.81e12
2012,112,8.75e12
2013,112,8.96e12
2014,112,8.73e12
2015,112,8.34e12
2016,112,8.01e12
2017,112,8.43e12
2018,112,9.05e12
2019,112,9.42e12
2020,112,8.62e12
1995,113,1.91e9
1996,113,1.85e9
1997,113,1.77e9
1998,113,1.85e9
1999,113,1.96e9
2000,113,2.09e9
2001,113,2.15e9
2002,113,2.19e9
2003,113,2.24e9
2004,113,2.24e9
2005,113,2.27e9
2006,113,2.27e9
2007,113,2.26e9
2008,113,2.2e9
2009,113,2.27e9
2010,113,2.29e9
2011,113,2.34e9
2012,113,2.33e9
2013,113,2.33e9
2014,113,2.33e9
2015,113,2.7e9
2016,113,2.69e9
2017,113,2.76e9
2018,113,2.76e9
2019,113,2.82e9
2020,113,2.79e9
1995,114,6.63e10
1996,114,6.54e10
1997,114,6.65e10
1998,114,5.89e10
1999,114,5.55e10
2000,114,5.75e10
2001,114,6.5e10
2002,114,7.34e10
2003,114,8.12e10
2004,114,9.11e10
2005,114,1.e11
2006,114,1.05e11
2007,114,1.05e11
2008,114,1.14e11
2009,114,1.02e11
2010,114,1.13e11
2011,114,1.21e11
2012,114,1.23e11
2013,114,1.35e11
2014,114,1.4e11
2015,114,1.34e11
2016,114,1.42e11
2017,114,1.5e11
2018,114,1.56e11
2019,114,1.63e11
2020,114,1.5e11
1995,115,7.87e10
1996,115,8.37e10
1997,115,8.26e10
1998,115,8.24e10
1999,115,8.4e10
2000,115,8.15e10
2001,115,8.02e10
2002,115,8.24e10
2003,115,8.81e10
2004,115,1.e11
2005,115,1.08e11
2006,115,1.19e11
2007,115,1.33e11
2008,115,1.43e11
2009,115,1.35e11
2010,115,1.34e11
2011,115,1.48e11
2012,115,1.66e11
2013,115,1.86e11
2014,115,1.89e11
2015,115,1.76e11
2016,115,1.75e11
2017,115,1.7e11
2018,115,1.91e11
2019,115,2.01e11
2020,115,1.89e11
1995,116,2.21e10
1996,116,2.91e10
1997,116,3.15e10
1998,116,3.33e10
1999,116,3.06e10
2000,116,3.59e10
2001,116,3.68e10
2002,116,3.8e10
2003,116,3.95e10
2004,116,4.19e10
2005,116,4.44e10
2006,116,4.92e10
2007,116,5.39e10
2008,116,5.92e10
2009,116,5.54e10
2010,116,5.7e10
2011,116,6.06e10
2012,116,5.97e10
2013,116,6.26e10
2014,116,6.36e10
2015,116,6.69e10
2016,116,6.82e10
2017,116,7.29e10
2018,116,7.65e10
2019,116,8.03e10
2020,116,6.71e10
1995,117,4.18e11
1996,117,4.8e11
1997,117,4.8e11
1998,117,5.28e11
1999,117,5.41e11
2000,117,5.6e11
2001,117,6.18e11
2002,117,6.53e11
2003,117,7.05e11
2004,117,7.55e11
2005,117,8.01e11
2006,117,8.79e11
2007,117,9.22e11
2008,117,9.85e11
2009,117,1.02e12
2010,117,1.06e12
2011,117,1.11e12
2012,117,1.14e12
2013,117,1.21e12
2014,117,1.23e12
2015,117,1.33e12
2016,117,1.36e12
2017,117,1.42e12
2018,117,1.47e12
2019,117,1.49e12
2020,117,1.4e12
1995,118,5.34e10
1996,118,5.95e10
1997,118,6.79e10
1998,118,6.83e10
1999,118,8.04e10
2000,118,7.48e10
2001,118,7.93e10
2002,118,7.95e10
2003,118,9.92e10
2004,118,1.09e11
2005,118,1.2e11
2006,118,1.25e11
2007,118,1.37e11
2008,118,1.48e11
2009,118,1.58e11
2010,118,1.62e11
2011,118,1.75e11
2012,118,1.84e11
2013,118,1.89e11
2014,118,1.93e11
2015,118,1.88e11
2016,118,1.94e11
2017,118,2.e11
2018,118,2.11e11
2019,118,2.17e11
2020,118,2.16e11
1995,119,1.9e11
1996,119,2.08e11
1997,119,2.24e11
1998,119,2.4e11
1999,119,2.64e11
2000,119,2.97e11
2001,119,3.2e11
2002,119,3.62e11
2003,119,4.e11
2004,119,4.55e11
2005,119,5.03e11
2006,119,5.91e11
2007,119,6.82e11
2008,119,7.56e11
2009,119,8.47e11
2010,119,9.42e11
2011,119,1.01e12
2012,119,1.07e12
2013,119,1.16e12
2014,119,1.24e12
2015,119,1.33e12
2016,119,1.42e12
2017,119,1.51e12
2018,119,1.62e12
2019,119,1.69e12
2020,119,1.75e12
1995,120,4.66e10
1996,120,4.77e10
1997,120,5.01e10
1998,120,5.2e10
1999,120,5.17e10
2000,120,5.41e10
2001,120,5.46e10
2002,120,6.e10
2003,120,6.49e10
2004,120,7.21e10
2005,120,7.46e10
2006,120,8.4e10
2007,120,9.12e10
2008,120,9.44e10
2009,120,9.74e10
2010,120,1.03e11
2011,120,1.08e11
2012,120,1.11e11
2013,120,1.24e11
2014,120,1.3e11
2015,120,1.35e11
2016,120,1.31e11
2017,120,1.32e11
2018,120,1.32e11
2019,120,1.28e11
2020,120,1.18e11
1995,121,4.94e8
1996,121,4.49e8
1997,121,4.1e8
1998,121,3.78e8
1999,121,3.59e8
2000,121,3.41e8
2001,121,3.18e8
2002,121,3.09e8
2003,121,3.09e8
2004,121,2.88e8
2005,121,3.04e8
2006,121,2.82e8
2007,121,2.77e8
2008,121,3.47e8
2009,121,4.15e8
2010,121,4.6e8
2011,121,4.89e8
2012,121,6.3e8
2013,121,8.46e8
2014,121,9.9e8
2015,121,1.1e9
2016,121,1.11e9
2017,121,1.14e9
2018,121,1.17e9
2019,121,1.19e9
2020,121,1.21e9
1995,122,1.69e11
1996,122,1.81e11
1997,122,1.91e11
1998,122,2.e11
1999,122,2.12e11
2000,122,2.27e11
2001,122,2.34e11
2002,122,2.4e11
2003,122,2.53e11
2004,122,2.69e11
2005,122,2.86e11
2006,122,3.02e11
2007,122,3.23e11
2008,122,3.48e11
2009,122,3.71e11
2010,122,3.87e11
2011,122,4.07e11
2012,122,4.28e11
2013,122,4.57e11
2014,122,4.86e11
2015,122,5.27e11
2016,122,5.47e11
2017,122,5.83e11
2018,122,6.21e11
2019,122,6.71e11
2020,122,6.6e11
1995,123,2.38e12
1996,123,2.46e12
1997,123,2.62e12
1998,123,2.77e12
1999,123,3.01e12
2000,123,3.31e12
2001,123,3.51e12
2002,123,3.58e12
2003,123,3.64e12
2004,123,3.68e12
2005,123,3.77e12
2006,123,3.91e12
2007,123,3.99e12
2008,123,4.12e12
2009,123,4.21e12
2010,123,4.14e12
2011,123,4.23e12
2012,123,4.25e12
2013,123,4.12e12
2014,123,4.17e12
2015,123,4.41e12
2016,123,4.59e12
2017,123,4.77e12
2018,123,4.9e12
2019,123,5.22e12
2020,123,5.32e12
1995,124,4.78e11
1996,124,4.89e11
1997,124,5.19e11
1998,124,4.81e11
1999,124,5.86e11
2000,124,5.96e11
2001,124,6.24e11
2002,124,6.48e11
2003,124,7.2e11
2004,124,7.91e11
2005,124,8.5e11
2006,124,9.21e11
2007,124,9.86e11
2008,124,9.8e11
2009,124,9.75e11
2010,124,9.6e11
2011,124,9.74e11
2012,124,9.89e11
2013,124,1.03e12
2014,124,1.08e12
2015,124,1.17e12
2016,124,1.26e12
2017,124,1.34e12
2018,124,1.37e12
2019,124,1.43e12
2020,124,1.37e12
1995,125,4.52e10
1996,125,5.85e10
1997,125,6.82e10
1998,125,7.41e10
1999,125,8.05e10
2000,125,8.32e10
2001,125,8.81e10
2002,125,8.84e10
2003,125,9.11e10
2004,125,1.02e11
2005,125,1.13e11
2006,125,1.23e11
2007,125,1.36e11
2008,125,1.45e11
2009,125,1.39e11
2010,125,1.46e11
2011,125,1.57e11
2012,125,1.65e11
2013,125,1.7e11
2014,125,1.82e11
2015,125,1.91e11
2016,125,1.98e11
2017,125,2.07e11
2018,125,2.e11
2019,125,1.92e11
2020,125,1.87e11
1995,126,4.42e10
1996,126,4.51e10
1997,126,4.64e10
1998,126,5.24e10
1999,126,5.32e10
2000,126,5.28e10
2001,126,5.82e10
2002,126,6.21e10
2003,126,6.46e10
2004,126,6.66e10
2005,126,7.37e10
2006,126,7.92e10
2007,126,8.31e10
2008,126,9.16e10
2009,126,9.33e10
2010,126,1.02e11
2011,126,1.06e11
2012,126,1.17e11
2013,126,1.24e11
2014,126,1.31e11
2015,126,1.46e11
2016,126,1.55e11
2017,126,1.64e11
2018,126,1.77e11
2019,126,1.9e11
2020,126,1.92e11
1995,127,1.4e12
1996,127,1.5e12
1997,127,1.58e12
1998,127,1.68e12
1999,127,1.59e12
2000,127,1.65e12
2001,127,1.82e12
2002,127,2.2e12
2003,127,2.38e12
2004,127,2.62e12
2005,127,2.92e12
2006,127,3.21e12
2007,127,3.38e12
2008,127,3.67e12
2009,127,4.e12
2010,127,4.31e12
2011,127,4.52e12
2012,127,4.75e12
2013,127,5.09e12
2014,127,5.5e12
2015,127,5.7e12
2016,127,5.7e12
2017,127,5.73e12
2018,127,5.85e12
2019,127,6.07e12
2020,127,5.99e12
1995,128,6.33e10
1996,128,6.8e10
1997,128,7.09e10
1998,128,7.48e10
1999,128,7.9e10
2000,128,8.39e10
2001,128,8.27e10
2002,128,8.49e10
2003,128,8.8e10
2004,128,9.41e10
2005,128,9.85e10
2006,128,1.07e11
2007,128,1.07e11
2008,128,1.22e11
2009,128,1.2e11
2010,128,1.25e11
2011,128,1.32e11
2012,128,1.3e11
2013,128,1.33e11
2014,128,1.39e11
2015,128,1.42e11
2016,128,1.44e11
2017,128,1.46e11
2018,128,1.5e11
2019,128,1.56e11
2020,128,1.48e11
1995,129,4.66e11
1996,129,5.04e11
1997,129,5.4e11
1998,129,5.7e11
1999,129,5.97e11
2000,129,6.43e11
2001,129,6.96e11
2002,129,7.24e11
2003,129,7.44e11
2004,129,8.25e11
2005,129,9.33e11
2006,129,1.05e12
2007,129,1.17e12
2008,129,1.2e12
2009,129,1.24e12
2010,129,1.33e12
2011,129,1.4e12
2012,129,1.47e12
2013,129,1.61e12
2014,129,1.82e12
2015,129,2.1e12
2016,129,2.29e12
2017,129,1.88e12
2018,129,1.41e12
2019,129,1.53e12
2020,129,1.73e12
1995,130,3.07e11
1996,130,3.21e11
1997,130,3.46e11
1998,130,3.44e11
1999,130,3.48e11
2000,130,3.88e11
2001,130,4.15e11
2002,130,4.25e11
2003,130,4.27e11
2004,130,4.47e11
2005,130,4.58e11
2006,130,4.96e11
2007,130,5.15e11
2008,130,5.68e11
2009,130,5.74e11
2010,130,5.83e11
2011,130,6.12e11
2012,130,6.77e11
2013,130,7.31e11
2014,130,7.17e11
2015,130,7.67e11
2016,130,8.02e11
2017,130,8.11e11
2018,130,8.14e11
2019,130,8.01e11
2020,130,7.5e11
1995,131,1.68e12
1996,131,1.74e12
1997,131,1.8e12
1998,131,1.88e12
1999,131,2.02e12
2000,131,2.12e12
2001,131,2.22e12
2002,131,2.35e12
2003,131,2.59e12
2004,131,2.85e12
2005,131,3.07e12
2006,131,3.24e12
2007,131,3.39e12
2008,131,3.48e12
2009,131,3.64e12
2010,131,3.8e12
2011,131,4.01e12
2012,131,4.17e12
2013,131,4.38e12
2014,131,4.61e12
2015,131,4.86e12
2016,131,5.15e12
2017,131,5.47e12
2018,131,5.66e12
2019,131,5.89e12
2020,131,5.88e12
1995,132,1.08e9
1996,132,1.19e9
1997,132,1.25e9
1998,132,1.28e9
1999,132,1.23e9
2000,132,9.34e8
2001,132,1.01e9
2002,132,1.04e9
2003,132,1.07e9
2004,132,1.16e9
2005,132,1.46e9
2006,132,1.52e9
2007,132,1.53e9
2008,132,1.5e9
2009,132,1.5e9
2010,132,1.51e9
2011,132,1.54e9
2012,132,1.51e9
2013,132,1.53e9
2014,132,1.61e9
2015,132,1.71e9
2016,132,1.59e9
2017,132,1.77e9
2018,132,1.79e9
2019,132,1.77e9
2020,132,1.59e9
1995,133,4.84e10
1996,133,4.89e10
1997,133,5.72e10
1998,133,6.94e10
1999,133,7.62e10
2000,133,6.46e10
2001,133,5.71e10
2002,133,4.93e10
2003,133,5.74e10
2004,133,7.19e10
2005,133,8.27e10
2006,133,8.39e10
2007,133,8.94e10
2008,133,9.72e10
2009,133,1.04e11
2010,133,1.1e11
2011,133,1.22e11
2012,133,1.31e11
2013,133,1.4e11
2014,133,1.43e11
2015,133,1.51e11
2016,133,1.67e11
2017,133,1.71e11
2018,133,1.81e11
2019,133,1.82e11
2020,133,1.62e11
1995,134,1.31e11
1996,134,1.43e11
1997,134,1.51e11
1998,134,1.63e11
1999,134,1.65e11
2000,134,1.74e11
2001,134,1.76e11
2002,134,1.9e11
2003,134,1.94e11
2004,134,2.12e11
2005,134,2.31e11
2006,134,2.55e11
2007,134,3.e11
2008,134,3.41e11
2009,134,3.53e11
2010,134,3.63e11
2011,134,4.17e11
2012,134,4.56e11
2013,134,4.91e11
2014,134,4.97e11
2015,134,5.39e11
2016,134,5.62e11
2017,134,6.04e11
2018,134,6.23e11
2019,134,6.45e11
2020,134,5.24e11
1995,135,6.47e10
1996,135,7.32e10
1997,135,7.33e10
1998,135,7.01e10
1999,135,7.21e10
2000,135,7.23e10
2001,135,7.21e10
2002,135,7.44e10
2003,135,7.47e10
2004,135,7.95e10
2005,135,8.72e10
2006,135,9.18e10
2007,135,1.02e11
2008,135,1.04e11
2009,135,1.11e11
2010,135,1.25e11
2011,135,1.25e11
2012,135,1.26e11
2013,135,1.28e11
2014,135,1.51e11
2015,135,1.64e11
2016,135,1.75e11
2017,135,1.8e11
2018,135,1.79e11
2019,135,1.91e11
2020,135,1.84e11
1995,136,2.17e11
1996,136,2.18e11
1997,136,2.18e11
1998,136,2.18e11
1999,136,2.11e11
2000,136,1.94e11
2001,136,1.96e11
2002,136,2.03e11
2003,136,2.03e11
2004,136,2.27e11
2005,136,2.37e11
2006,136,2.62e11
2007,136,2.98e11
2008,136,3.24e11
2009,136,3.2e11
2010,136,3.64e11
2011,136,3.84e11
2012,136,3.75e11
2013,136,4.08e11
2014,136,4.29e11
2015,136,4.22e11
2016,136,4.38e11
2017,136,4.65e11
2018,136,4.81e11
2019,136,4.78e11
2020,136,4.76e11
1995,137,6.89e11
1996,137,7.23e11
1997,137,7.85e11
1998,137,7.98e11
1999,137,8.14e11
2000,137,8.42e11
2001,137,8.62e11
2002,137,9.18e11
2003,137,9.58e11
2004,137,1.e12
2005,137,1.07e12
2006,137,1.15e12
2007,137,1.27e12
2008,137,1.42e12
2009,137,1.44e12
2010,137,1.55e12
2011,137,1.65e12
2012,137,1.79e12
2013,137,1.91e12
2014,137,1.98e12
2015,137,2.04e12
2016,137,2.12e12
2017,137,2.16e12
2018,137,2.27e12
2019,137,2.33e12
2020,137,2.06e12
1995,138,1.27e12
1996,138,1.36e12
1997,138,1.46e12
1998,138,1.48e12
1999,138,1.45e12
2000,138,1.56e12
2001,138,1.62e12
2002,138,1.7e12
2003,138,1.81e12
2004,138,1.91e12
2005,138,2.06e12
2006,138,2.23e12
2007,138,2.44e12
2008,138,2.61e12
2009,138,2.67e12
2010,138,2.89e12
2011,138,3.06e12
2012,138,3.28e12
2013,138,3.53e12
2014,138,3.78e12
2015,138,4.17e12
2016,138,4.51e12
2017,138,4.86e12
2018,138,5.21e12
2019,138,5.55e12
2020,138,4.98e12
1995,139,1.17e12
1996,139,1.27e12
1997,139,1.38e12
1998,139,1.46e12
1999,139,1.55e12
2000,139,1.63e12
2001,139,1.67e12
2002,139,1.71e12
2003,139,1.76e12
2004,139,1.82e12
2005,139,1.94e12
2006,139,2.08e12
2007,139,2.23e12
2008,139,2.34e12
2009,139,2.33e12
2010,139,2.38e12
2011,139,2.44e12
2012,139,2.44e12
2013,139,2.47e12
2014,139,2.55e12
2015,139,2.66e12
2016,139,2.78e12
2017,139,2.94e12
2018,139,3.13e12
2019,139,3.34e12
2020,139,3.28e12
1995,140,9.36e11
1996,140,9.71e11
1997,140,1.02e12
1998,140,1.12e12
1999,140,1.22e12
2000,140,1.29e12
2001,140,1.45e12
2002,140,1.49e12
2003,140,1.54e12
2004,140,1.67e12
2005,140,1.83e12
2006,140,1.94e12
2007,140,2.e12
2008,140,2.01e12
2009,140,1.97e12
2010,140,1.97e12
2011,140,1.97e12
2012,140,1.86e12
2013,140,1.78e12
2014,140,1.82e12
2015,140,1.87e12
2016,140,1.89e12
2017,140,1.95e12
2018,140,2.03e12
2019,140,1.92e12
2020,140,1.75e12
1995,141,3.31e11
1996,141,3.29e11
1997,141,3.81e11
1998,141,4.37e11
1999,141,4.32e11
2000,141,4.1e11
2001,141,4.03e11
2002,141,4.07e11
2003,141,4.09e11
2004,141,4.35e11
2005,141,4.45e11
2006,141,5.05e11
2007,141,5.7e11
2008,141,6.2e11
2009,141,6.6e11
2010,141,7.59e11
2011,141,8.66e11
2012,141,9.21e11
2013,141,1.e12
2014,141,1.09e12
2015,141,1.23e12
2016,141,1.27e12
2017,141,1.25e12
2018,141,1.24e12
2019,141,1.25e12
2020,141,1.22e12
1995,142,1.42e12
1996,142,1.47e12
1997,142,1.16e12
1998,142,1.15e12
1999,142,1.14e12
2000,142,1.2e12
2001,142,1.26e12
2002,142,1.29e12
2003,142,1.33e12
2004,142,1.45e12
2005,142,1.52e12
2006,142,1.65e12
2007,142,1.76e12
2008,142,1.85e12
2009,142,1.73e12
2010,142,1.61e12
2011,142,1.6e12
2012,142,1.62e12
2013,142,1.67e12
2014,142,1.76e12
2015,142,1.83e12
2016,142,1.93e12
2017,142,2.08e12
2018,142,2.17e12
2019,142,2.37e12
2020,142,2.26e12
1995,143,5.52e12
1996,143,6.3e12
1997,143,6.57e12
1998,143,6.49e12
1999,143,6.45e12
2000,143,6.48e12
2001,143,7.41e12
2002,143,8.5e12
2003,143,9.15e12
2004,143,9.53e12
2005,143,9.89e12
2006,143,1.21e13
2007,143,1.5e13
2008,143,1.57e13
2009,143,1.59e13
2010,143,1.49e13
2011,143,1.31e13
2012,143,1.32e13
2013,143,1.37e13
2014,143,1.4e13
2015,143,1.38e13
2016,143,1.35e13
2017,143,1.31e13
2018,143,1.27e13
2019,143,1.3e13
2020,143,1.26e13
1995,144,1.67e10
1996,144,1.89e10
1997,144,2.23e10
1998,144,2.46e10
1999,144,2.61e10
2000,144,2.86e10
2001,144,3.14e10
2002,144,3.6e10
2003,144,3.71e10
2004,144,4.06e10
2005,144,4.62e10
2006,144,5.37e10
2007,144,6.05e10
2008,144,6.79e10
2009,144,7.25e10
2010,144,7.89e10
2011,144,8.58e10
2012,144,9.25e10
2013,144,9.63e10
2014,144,1.02e11
2015,144,1.18e11
2016,144,1.23e11
2017,144,1.3e11
2018,144,1.42e11
2019,144,1.55e11
2020,144,1.55e11
1995,145,2.41e9
1996,145,2.55e9
1997,145,2.78e9
1998,145,2.7e9
1999,145,2.78e9
2000,145,3.03e9
2001,145,3.17e9
2002,145,3.14e9
2003,145,2.83e9
2004,145,3.06e9
2005,145,3.5e9
2006,145,3.89e9
2007,145,4.01e9
2008,145,4.33e9
2009,145,4.04e9
2010,145,4.05e9
2011,145,4.28e9
2012,145,4.29e9
2013,145,4.9e9
2014,145,5.05e9
2015,145,5.14e9
2016,145,5.43e9
2017,145,5.44e9
2018,145,5.64e9
2019,145,5.9e9
2020,145,4.81e9
1995,146,7.01e9
1996,146,7.43e9
1997,146,7.38e9
1998,146,7.99e9
1999,146,8.32e9
2000,146,8.33e9
2001,146,7.9e9
2002,146,8.1e9
2003,146,8.44e9
2004,146,9.2e9
2005,146,9.24e9
2006,146,1.03e10
2007,146,1.03e10
2008,146,1.08e10
2009,146,1.07e10
2010,146,1.1e10
2011,146,1.2e10
2012,146,1.17e10
2013,146,1.14e10
2014,146,1.1e10
2015,146,1.05e10
2016,146,1.14e10
2017,146,1.2e10
2018,146,1.24e10
2019,146,1.28e10
2020,146,1.02e10
1995,147,3.27e9
1996,147,3.35e9
1997,147,3.4e9
1998,147,3.52e9
1999,147,3.52e9
2000,147,3.59e9
2001,147,3.77e9
2002,147,4.08e9
2003,147,4.37e9
2004,147,4.54e9
2005,147,4.67e9
2006,147,5.24e9
2007,147,5.47e9
2008,147,5.36e9
2009,147,5.12e9
2010,147,4.83e9
2011,147,4.71e9
2012,147,4.79e9
2013,147,4.87e9
2014,147,4.68e9
2015,147,5.e9
2016,147,5.33e9
2017,147,5.44e9
2018,147,5.61e9
2019,147,5.69e9
2020,147,5.48e9
1995,148,2.94e9
1996,148,3.18e9
1997,148,3.27e9
1998,148,3.37e9
1999,148,3.51e9
2000,148,3.83e9
2001,148,4.08e9
2002,148,4.3e9
2003,148,4.58e9
2004,148,4.64e9
2005,148,4.62e9
2006,148,4.96e9
2007,148,5.33e9
2008,148,5.23e9
2009,148,5.23e9
2010,148,5.42e9
2011,148,5.35e9
2012,148,5.29e9
2013,148,5.12e9
2014,148,5.37e9
2015,148,5.8e9
2016,148,6.03e9
2017,148,6.01e9
2018,148,5.94e9
2019,148,6.14e9
2020,148,5.97e9
1995,149,6.e9
1996,149,6.37e9
1997,149,6.77e9
1998,149,7.41e9
1999,149,8.27e9
2000,149,8.53e9
2001,149,9.19e9
2002,149,9.3e9
2003,149,9.84e9
2004,149,1.05e10
2005,149,1.1e10
2006,149,1.16e10
2007,149,1.29e10
2008,149,1.25e10
2009,149,1.09e10
2010,149,1.06e10
2011,149,1.01e10
2012,149,7.02e9
2013,149,7.04e9
2014,149,7.02e9
2015,149,7.27e9
2016,149,7.52e9
2017,149,7.58e9
2018,149,7.74e9
2019,149,7.9e9
2020,149,6.96e9
1995,150,1.12e9
1996,150,9.97e8
1997,150,8.81e8
1998,150,9.34e8
1999,150,9.52e8
2000,150,1.e9
2001,150,1.1e9
2002,150,1.21e9
2003,150,1.39e9
2004,150,1.46e9
2005,150,1.63e9
2006,150,1.94e9
2007,150,2.17e9
2008,150,2.41e9
2009,150,2.51e9
2010,150,2.7e9
2011,150,2.85e9
2012,150,2.95e9
2013,150,3.17e9
2014,150,3.45e9
2015,150,3.56e9
2016,150,3.66e9
2017,150,3.75e9
2018,150,3.88e9
2019,150,3.97e9
2020,150,3.73e9
1995,151,4.97e12
1996,151,5.09e12
1997,151,5.25e12
1998,151,5.43e12
1999,151,5.28e12
2000,151,5.54e12
2001,151,5.49e12
2002,151,5.41e12
2003,151,6.01e12
2004,151,6.68e12
2005,151,7.19e12
2006,151,7.53e12
2007,151,7.77e12
2008,151,8.34e12
2009,151,8.18e12
2010,151,8.62e12
2011,151,9.61e12
2012,151,1.01e13
2013,151,1.04e13
2014,151,1.08e13
2015,151,1.09e13
2016,151,1.12e13
2017,151,1.11e13
2018,151,1.15e13
2019,151,1.14e13
2020,151,1.1e13
1995,152,6.86e10
1996,152,7.13e10
1997,152,7.38e10
1998,152,7.99e10
1999,152,8.74e10
2000,152,8.95e10
2001,152,9.47e10
2002,152,9.56e10
2003,152,1.05e11
2004,152,1.15e11
2005,152,1.26e11
2006,152,1.34e11
2007,152,1.44e11
2008,152,1.52e11
2009,152,1.53e11
2010,152,1.6e11
2011,152,1.59e11
2012,152,1.68e11
2013,152,1.71e11
2014,152,1.82e11
2015,152,2.02e11
2016,152,2.15e11
2017,152,2.32e11
2018,152,2.49e11
2019,152,2.63e11
2020,152,2.66e11
1995,153,1.26e10
1996,153,1.67e10
1997,153,1.97e10
1998,153,2.28e10
1999,153,2.35e10
2000,153,2.6e10
2001,153,7.23e10
2002,153,1.2e11
2003,153,1.37e11
2004,153,1.74e11
2005,153,1.77e11
2006,153,2.15e11
2007,153,2.44e11
2008,153,1.88e11
2009,153,1.27e11
2010,153,1.04e11
2011,153,9.13e10
2012,153,7.43e10
2013,153,5.56e10
2014,153,1.1e10
2015,153,4.9e8
2016,153,3.3e9
2017,153,5.43e9
2018,153,9.54e9
2019,153,1.37e10
2020,153,1.76e10
1995,154,3.15e9
1996,154,3.42e9
1997,154,3.99e9
1998,154,4.3e9
1999,154,4.43e9
2000,154,4.56e9
2001,154,4.54e9
2002,154,4.43e9
2003,154,4.32e9
2004,154,4.32e9
2005,154,4.75e9
2006,154,5.19e9
2007,154,5.57e9
2008,154,5.98e9
2009,154,6.2e9
2010,154,7.12e9
2011,154,7.49e9
2012,154,8.31e9
2013,154,8.23e9
2014,154,8.32e9
2015,154,8.79e9
2016,154,9.13e9
2017,154,9.62e9
2018,154,1.04e10
2019,154,1.11e10
2020,154,9.57e9
1995,155,2.35e10
1996,155,2.6e10
1997,155,2.39e10
1998,155,2.39e10
1999,155,2.31e10
2000,155,2.54e10
2001,155,2.58e10
2002,155,3.34e10
2003,155,3.64e10
2004,155,3.73e10
2005,155,4.01e10
2006,155,4.37e10
2007,155,4.85e10
2008,155,5.46e10
2009,155,5.82e10
2010,155,6.13e10
2011,155,6.11e10
2012,155,7.22e10
2013,155,8.49e10
2014,155,9.14e10
2015,155,7.52e10
2016,155,8.09e10
2017,155,8.37e10
2018,155,8.7e10
2019,155,9.1e10
2020,155,8.92e10
1995,156,8.47e11
1996,156,9.15e11
1997,156,9.78e11
1998,156,9.14e11
1999,156,9.68e11
2000,156,1.04e12
2001,156,1.04e12
2002,156,1.07e12
2003,156,1.14e12
2004,156,1.2e12
2005,156,1.27e12
2006,156,1.4e12
2007,156,1.55e12
2008,156,1.66e12
2009,156,1.66e12
2010,156,1.99e12
2011,156,2.13e12
2012,156,2.22e12
2013,156,2.3e12
2014,156,2.4e12
2015,156,2.34e12
2016,156,2.44e12
2017,156,2.52e12
2018,156,2.53e12
2019,156,2.64e12
2020,156,2.49e12
1995,157,3.24e11
1996,157,3.64e11
1997,157,3.75e11
1998,157,3.84e11
1999,157,3.77e11
2000,157,3.7e11
2001,157,3.87e11
2002,157,3.97e11
2003,157,3.99e11
2004,157,4.17e11
2005,157,4.31e11
2006,157,4.45e11
2007,157,4.97e11
2008,157,5.43e11
2009,157,5.49e11
2010,157,5.52e11
2011,157,5.55e11
2012,157,5.61e11
2013,157,5.61e11
2014,157,5.65e11
2015,157,5.76e11
2016,157,5.95e11
2017,157,6.13e11
2018,157,6.34e11
2019,157,6.49e11
2020,157,6.02e11
1995,158,1.86e11
1996,158,1.92e11
1997,158,1.96e11
1998,158,1.98e11
1999,158,2.04e11
2000,158,2.06e11
2001,158,2.46e11
2002,158,2.47e11
2003,158,2.52e11
2004,158,2.62e11
2005,158,2.79e11
2006,158,2.97e11
2007,158,3.19e11
2008,158,3.23e11
2009,158,3.08e11
2010,158,3.12e11
2011,158,3.08e11
2012,158,2.99e11
2013,158,2.92e11
2014,158,2.94e11
2015,158,2.92e11
2016,158,2.97e11
2017,158,3.07e11
2018,158,3.18e11
2019,158,3.27e11
2020,158,3.06e11
1995,159,4.97e9
1996,159,5.15e9
1997,159,5.12e9
1998,159,5.21e9
1999,159,5.12e9
2000,159,4.55e9
2001,159,4.23e9
2002,159,4.02e9
2003,159,4.52e9
2004,159,5.07e9
2005,159,5.46e9
2006,159,5.62e9
2007,159,5.81e9
2008,159,5.93e9
2009,159,6.05e9
2010,159,6.85e9
2011,159,7.21e9
2012,159,7.68e9
2013,159,8.8e9
2014,159,8.77e9
2015,159,8.92e9
2016,159,9.38e9
2017,159,1.01e10
2018,159,1.07e10
2019,159,1.08e10
2020,159,1.04e10
1995,160,1.45e10
1996,160,1.54e10
1997,160,1.51e10
1998,160,1.57e10
1999,160,1.63e10
2000,160,1.68e10
2001,160,1.75e10
2002,160,1.83e10
2003,160,1.92e10
2004,160,2.01e10
2005,160,2.1e10
2006,160,2.18e10
2007,160,2.27e10
2008,160,2.36e10
2009,160,2.44e10
2010,160,2.53e10
2011,160,2.62e10
2012,160,2.7e10
2013,160,2.79e10
2014,160,2.91e10
2015,160,3.e10
2016,160,3.11e10
2017,160,3.17e10
2018,160,3.27e10
2019,160,3.39e10
2020,160,3.35e10
1995,161,1.32e12
1996,161,1.38e12
1997,161,1.41e12
1998,161,1.43e12
1999,161,1.46e12
2000,161,1.54e12
2001,161,1.61e12
2002,161,1.67e12
2003,161,1.76e12
2004,161,1.93e12
2005,161,2.11e12
2006,161,2.31e12
2007,161,2.44e12
2008,161,2.5e12
2009,161,2.5e12
2010,161,2.62e12
2011,161,2.72e12
2012,161,2.77e12
2013,161,2.85e12
2014,161,2.93e12
2015,161,3.02e12
2016,161,3.e12
2017,161,3.04e12
2018,161,3.07e12
2019,161,3.03e12
2020,161,2.83e12
1995,162,4.46e12
1996,162,4.83e12
1997,162,5.e12
1998,162,4.95e12
1999,162,5.2e12
2000,162,5.51e12
2001,162,5.71e12
2002,162,6.1e12
2003,162,6.63e12
2004,162,7.19e12
2005,162,8.05e12
2006,162,9.12e12
2007,162,1.01e13
2008,162,1.05e13
2009,162,1.07e13
2010,162,1.11e13
2011,162,1.16e13
2012,162,1.2e13
2013,162,1.23e13
2014,162,1.28e13
2015,162,1.32e13
2016,162,1.37e13
2017,162,1.43e13
2018,162,1.51e13
2019,162,1.62e13
2020,162,1.6e13
1995,163,5.08e12
1996,163,5.16e12
1997,163,5.4e12
1998,163,5.83e12
1999,163,6.48e12
2000,163,7.1e12
2001,163,7.68e12
2002,163,8.29e12
2003,163,9.22e12
2004,163,1.04e13
2005,163,1.17e13
2006,163,1.27e13
2007,163,1.36e13
2008,163,1.36e13
2009,163,1.25e13
2010,163,1.26e13
2011,163,1.24e13
2012,163,1.15e13
2013,163,1.09e13
2014,163,1.08e13
2015,163,1.09e13
2016,163,1.11e13
2017,163,1.12e13
2018,163,1.14e13
2019,163,1.16e13
2020,163,1.01e13
1995,164,3.59e11
1996,164,3.77e11
1997,164,4.11e11
1998,164,4.35e11
1999,164,4.52e11
2000,164,4.83e11
2001,164,4.85e11
2002,164,5.12e11
2003,164,5.55e11
2004,164,5.9e11
2005,164,6.37e11
2006,164,6.94e11
2007,164,7.5e11
2008,164,7.92e11
2009,164,8.33e11
2010,164,9.1e11
2011,164,9.82e11
2012,164,1.08e12
2013,164,1.1e12
2014,164,1.16e12
2015,164,1.23e12
2016,164,1.29e12
2017,164,1.33e12
2018,164,1.38e12
2019,164,1.42e12
2020,164,1.37e12
1995,165,7.06e11
1996,165,6.73e11
1997,165,7.82e11
1998,165,8.07e11
1999,165,8.28e11
2000,165,8.48e11
2001,165,9.57e11
2002,165,1.06e12
2003,165,1.17e12
2004,165,1.24e12
2005,165,1.38e12
2006,165,1.51e12
2007,165,1.84e12
2008,165,1.88e12
2009,165,1.99e12
2010,165,2.1e12
2011,165,2.1e12
2012,165,2.27e12
2013,165,2.31e12
2014,165,2.53e12
2015,165,2.66e12
2016,165,2.76e12
2017,165,2.76e12
2018,165,2.61e12
2019,165,2.51e12
2020,165,2.43e12
1995,166,3.53e10
1996,166,3.57e10
1997,166,3.69e10
1998,166,3.75e10
1999,166,3.63e10
2000,166,3.7e10
2001,166,3.54e10
2002,166,4.e10
2003,166,4.31e10
2004,166,4.71e10
2005,166,5.12e10
2006,166,5.38e10
2007,166,5.83e10
2008,166,6.21e10
2009,166,6.43e10
2010,166,6.63e10
2011,166,6.78e10
2012,166,7.17e10
2013,166,7.54e10
2014,166,7.65e10
2015,166,7.42e10
2016,166,6.6e10
2017,166,6.23e10
2018,166,6.51e10
2019,166,6.52e10
2020,166,5.6e10
1995,167,6.65e11
1996,167,7.41e11
1997,167,8.32e11
1998,167,9.15e11
1999,167,1.08e12
2000,167,1.13e12
2001,167,1.11e12
2002,167,1.09e12
2003,167,1.23e12
2004,167,1.35e12
2005,167,1.57e12
2006,167,1.75e12
2007,167,1.78e12
2008,167,1.73e12
2009,167,1.89e12
2010,167,2.02e12
2011,167,1.97e12
2012,167,2.04e12
2013,167,2.19e12
2014,167,2.39e12
2015,167,2.59e12
2016,167,2.81e12
2017,167,2.96e12
2018,167,2.96e12
2019,167,3.23e12
2020,167,3.15e12
1995,168,1.79e12
1996,168,1.85e12
1997,168,1.95e12
1998,168,2.04e12
1999,168,2.15e12
2000,168,2.29e12
2001,168,2.35e12
2002,168,2.29e12
2003,168,2.23e12
2004,168,2.24e12
2005,168,2.32e12
2006,168,2.48e12
2007,168,2.66e12
2008,168,2.77e12
2009,168,2.77e12
2010,168,2.87e12
2011,168,2.97e12
2012,168,3.08e12
2013,168,3.2e12
2014,168,3.38e12
2015,168,3.55e12
2016,168,3.62e12
2017,168,3.78e12
2018,168,3.94e12
2019,168,4.01e12
2020,168,4.19e12
1995,169,4.91e11
1996,169,5.26e11
1997,169,5.38e11
1998,169,5.89e11
1999,169,5.69e11
2000,169,5.85e11
2001,169,6.35e11
2002,169,6.81e11
2003,169,6.98e11
2004,169,7.7e11
2005,169,8.4e11
2006,169,9.07e11
2007,169,9.79e11
2008,169,1.03e12
2009,169,1.1e12
2010,169,1.13e12
2011,169,1.2e12
2012,169,8.86e11
2013,169,6.64e11
2014,169,5.72e11
2015,169,5.44e11
2016,169,5.3e11
2017,169,5.25e11
2018,169,5.37e11
2019,169,5.5e11
2020,169,5.8e11
1995,170,3.37e12
1996,170,3.62e12
1997,170,3.88e12
1998,170,4.09e12
1999,170,4.44e12
2000,170,4.8e12
2001,170,4.77e12
2002,170,5.13e12
2003,170,5.49e12
2004,170,5.94e12
2005,170,6.38e12
2006,170,6.92e12
2007,170,7.49e12
2008,170,7.83e12
2009,170,8.e12
2010,170,8.73e12
2011,170,9.42e12
2012,170,9.89e12
2013,170,1.07e13
2014,170,1.17e13
2015,170,1.21e13
2016,170,1.25e13
2017,170,1.3e13
2018,170,1.34e13
2019,170,1.38e13
2020,170,1.42e13
1995,171,2.71e10
1996,171,2.27e10
1997,171,2.33e10
1998,171,2.46e10
1999,171,2.53e10
2000,171,3.21e10
2001,171,3.49e10
2002,171,3.12e10
2003,171,3.8e10
2004,171,4.12e10
2005,171,5.34e10
2006,171,6.94e10
2007,171,8.29e10
2008,171,9.e10
2009,171,8.71e10
2010,171,8.79e10
2011,171,9.78e10
2012,171,1.08e11
2013,171,1.16e11
2014,171,1.25e11
2015,171,1.29e11
2016,171,1.4e11
2017,171,1.54e11
2018,171,1.63e11
2019,171,1.74e11
2020,171,1.82e11
1995,172,1.8e11
1996,172,1.91e11
1997,172,1.98e11
1998,172,2.06e11
1999,172,2.2e11
2000,172,2.3e11
2001,172,2.41e11
2002,172,2.66e11
2003,172,2.86e11
2004,172,3.1e11
2005,172,3.32e11
2006,172,3.66e11
2007,172,3.9e11
2008,172,4.2e11
2009,172,4.46e11
2010,172,4.75e11
2011,172,5.18e11
2012,172,5.52e11
2013,172,5.87e11
2014,172,6.39e11
2015,172,6.69e11
2016,172,7.12e11
2017,172,7.48e11
2018,172,7.94e11
2019,172,8.29e11
2020,172,8.33e11
1995,173,1.72e12
1996,173,1.83e12
1997,173,1.69e12
1998,173,1.48e12
1999,173,1.66e12
2000,173,1.82e12
2001,173,1.92e12
2002,173,2.14e12
2003,173,2.35e12
2004,173,2.57e12
2005,173,2.72e12
2006,173,2.96e12
2007,173,3.21e12
2008,173,3.36e12
2009,173,3.37e12
2010,173,3.61e12
2011,173,3.68e12
2012,173,3.78e12
2013,173,3.82e12
2014,173,3.92e12
2015,173,4.21e12
2016,173,4.37e12
2017,173,4.57e12
2018,173,4.84e12
2019,173,5.01e12
2020,173,4.69e12
1995,174,1.36e10
1996,174,1.5e10
1997,174,1.56e10
1998,174,1.52e10
1999,174,9.45e9
2000,174,7.17e9
2001,174,1.04e10
2002,174,1.72e10
2003,174,9.29e9
2004,174,7.61e10
2005,174,1.42e10
2006,174,1.57e10
2007,174,2.07e10
2008,174,2.48e10
2009,174,2.85e10
2010,174,3.15e10
2011,174,3.39e10
2012,174,3.52e10
2013,174,3.61e10
2014,174,3.65e10
2015,174,3.47e10
2016,174,3.07e10
2017,174,3.15e10
2018,174,3.21e10
2019,174,3.85e10
2020,174,3.59e10
1995,175,1.6e10
1996,175,1.85e10
1997,175,2.2e10
1998,175,2.21e10
1999,175,2.26e10
2000,175,2.27e10
2001,175,2.32e10
2002,175,2.51e10
2003,175,2.78e10
2004,175,2.81e10
2005,175,2.7e10
2006,175,2.81e10
2007,175,2.84e10
2008,175,3.11e10
2009,175,3.37e10
2010,175,3.72e10
2011,175,4.52e10
2012,175,4.71e10
2013,175,5.04e10
2014,175,5.36e10
2015,175,6.12e10
2016,175,6.31e10
2017,175,6.55e10
2018,175,6.94e10
2019,175,7.32e10
2020,175,7.4e10
1995,176,1.97e9
1996,176,2.04e9
1997,176,2.1e9
1998,176,2.21e9
1999,176,2.29e9
2000,176,2.26e9
2001,176,2.33e9
2002,176,2.5e9
2003,176,2.58e9
2004,176,2.59e9
2005,176,2.6e9
2006,176,2.69e9
2007,176,2.75e9
2008,176,2.92e9
2009,176,2.78e9
2010,176,2.81e9
2011,176,3.13e9
2012,176,3.16e9
2013,176,3.18e9
2014,176,3.2e9
2015,176,3.33e9
2016,176,3.56e9
2017,176,3.77e9
2018,176,3.87e9
2019,176,4.04e9
2020,176,4.05e9
1995,177,4.59e10
1996,177,4.79e10
1997,177,5.38e10
1998,177,5.88e10
1999,177,6.4e10
2000,177,7.09e10
2001,177,7.72e10
2002,177,8.44e10
2003,177,9.72e10
2004,177,1.18e11
2005,177,1.27e11
2006,177,1.46e11
2007,177,1.6e11
2008,177,1.75e11
2009,177,1.66e11
2010,177,1.74e11
2011,177,1.6e11
2012,177,1.67e11
2013,177,1.8e11
2014,177,1.78e11
2015,177,1.93e11
2016,177,1.78e11
2017,177,1.79e11
2018,177,1.74e11
2019,177,1.75e11
2020,177,1.61e11
1995,178,1.75e11
1996,178,1.9e11
1997,178,2.11e11
1998,178,2.26e11
1999,178,2.46e11
2000,178,2.6e11
2001,178,2.77e11
2002,178,2.81e11
2003,178,3.03e11
2004,178,3.29e11
2005,178,3.42e11
2006,178,3.71e11
2007,178,4.e11
2008,178,4.22e11
2009,178,4.41e11
2010,178,4.62e11
2011,178,4.49e11
2012,178,4.71e11
2013,178,4.83e11
2014,178,5.02e11
2015,178,5.23e11
2016,178,5.31e11
2017,178,5.41e11
2018,178,5.59e11
2019,178,5.67e11
2020,178,5.13e11
1995,179,3.4e12
1996,179,3.71e12
1997,179,4.07e12
1998,179,4.21e12
1999,179,4.08e12
2000,179,4.46e12
2001,179,4.12e12
2002,179,4.57e12
2003,179,4.97e12
2004,179,5.57e12
2005,179,6.2e12
2006,179,6.7e12
2007,179,7.1e12
2008,179,7.18e12
2009,179,6.61e12
2010,179,7.34e12
2011,179,8.23e12
2012,179,8.66e12
2013,179,9.48e12
2014,179,9.98e12
2015,179,1.07e13
2016,179,1.17e13
2017,179,1.24e13
2018,179,1.21e13
2019,179,1.23e13
2020,179,1.26e13
1995,180,8.21e10
1996,180,8.94e10
1997,180,8.05e10
1998,180,8.88e10
1999,180,1.06e11
2000,180,1.13e11
2001,180,1.19e11
2002,180,1.21e11
2003,180,1.26e11
2004,180,1.34e11
2005,180,1.54e11
2006,180,1.74e11
2007,180,1.96e11
2008,180,2.26e11
2009,180,2.41e11
2010,180,2.65e11
2011,180,3.06e11
2012,180,3.42e11
2013,180,3.79e11
2014,180,4.2e11
2015,180,4.5e11
2016,180,4.79e11
2017,180,5.13e11
2018,180,5.49e11
2019,180,5.67e11
2020,180,5.73e11
1995,181,1.27e8
1996,181,1.21e8
1997,181,1.35e8
1998,181,1.59e8
1999,181,1.58e8
2000,181,1.58e8
2001,181,3.24e8
2002,181,3.24e8
2003,181,2.39e8
2004,181,2.47e8
2005,181,2.33e8
2006,181,2.81e8
2007,181,2.94e8
2008,181,3.48e8
2009,181,3.23e8
2010,181,2.8e8
2011,181,2.98e8
2012,181,2.74e8
2013,181,3.57e8
2014,181,3.63e8
2015,181,3.99e8
2016,181,4.13e8
2017,181,4.32e8
2018,181,4.45e8
2019,181,4.92e8
2020,181,4.96e8
1995,182,9.83e10
1996,182,1.06e11
1997,182,1.12e11
1998,182,1.2e11
1999,182,1.25e11
2000,182,1.32e11
2001,182,1.41e11
2002,182,1.52e11
2003,182,1.64e11
2004,182,1.73e11
2005,182,1.94e11
2006,182,2.26e11
2007,182,2.49e11
2008,182,2.71e11
2009,182,2.85e11
2010,182,3.07e11
2011,182,3.26e11
2012,182,3.37e11
2013,182,3.49e11
2014,182,3.69e11
2015,182,3.84e11
2016,182,3.98e11
2017,182,4.18e11
2018,182,4.47e11
2019,182,4.8e11
2020,182,4.7e11
1995,183,1.52e12
1996,183,1.38e12
1997,183,1.35e12
1998,183,1.32e12
1999,183,1.31e12
2000,183,1.41e12
2001,183,1.61e12
2002,183,1.76e12
2003,183,1.99e12
2004,183,2.31e12
2005,183,2.48e12
2006,183,2.7e12
2007,183,2.98e12
2008,183,3.12e12
2009,183,2.54e12
2010,183,2.75e12
2011,183,2.93e12
2012,183,2.86e12
2013,183,2.85e12
2014,183,2.72e12
2015,183,2.56e12
2016,183,2.5e12
2017,183,2.61e12
2018,183,2.71e12
2019,183,2.81e12
2020,183,2.68e12
1995,184,1.55e12
1996,184,1.63e12
1997,184,1.83e12
1998,184,1.97e12
1999,184,2.13e12
2000,184,2.4e12
2001,184,2.56e12
2002,184,2.68e12
2003,184,3.03e12
2004,184,3.52e12
2005,184,3.76e12
2006,184,4.38e12
2007,184,4.9e12
2008,184,5.1e12
2009,184,5.12e12
2010,184,5.59e12
2011,184,6.32e12
2012,184,7.05e12
2013,184,7.99e12
2014,184,7.92e12
2015,184,8.07e12
2016,184,8.04e12
2017,184,8.03e12
2018,184,7.93e12
2019,184,7.86e12
2020,184,7.34e12
1995,185,6.94e12
1996,185,7.e12
1997,185,7.49e12
1998,185,8.33e12
1999,185,9.23e12
2000,185,9.8e12
2001,185,1.02e13
2002,185,1.05e13
2003,185,1.11e13
2004,185,1.17e13
2005,185,1.24e13
2006,185,1.3e13
2007,185,1.34e13
2008,185,1.26e13
2009,185,1.17e13
2010,185,1.17e13
2011,185,1.17e13
2012,185,1.17e13
2013,185,1.18e13
2014,185,1.24e13
2015,185,1.32e13
2016,185,1.37e13
2017,185,1.41e13
2018,185,1.42e13
2019,185,1.43e13
2020,185,1.28e13
1995,186,4.e13
1996,186,4.29e13
1997,186,4.68e13
1998,186,5.24e13
1999,186,5.83e13
2000,186,6.14e13
2001,186,6.16e13
2002,186,6.09e13
2003,186,6.31e13
2004,186,6.95e13
2005,186,7.55e13
2006,186,8.04e13
2007,186,8.22e13
2008,186,7.4e13
2009,186,6.49e13
2010,186,6.48e13
2011,186,6.47e13
2012,186,6.59e13
2013,186,7.2e13
2014,186,7.81e13
2015,186,8.23e13
2016,186,8.53e13
2017,186,9.13e13
2018,186,9.38e13
2019,186,9.91e13
2020,186,9.54e13
1995,187,1.84e11
1996,187,1.97e11
1997,187,2.17e11
1998,187,2.31e11
1999,187,2.29e11
2000,187,2.3e11
2001,187,2.24e11
2002,187,2.12e11
2003,187,2.03e11
2004,187,2.16e11
2005,187,2.4e11
2006,187,2.54e11
2007,187,2.72e11
2008,187,2.88e11
2009,187,3.01e11
2010,187,3.19e11
2011,187,3.38e11
2012,187,3.37e11
2013,187,3.59e11
2014,187,3.66e11
2015,187,3.66e11
2016,187,3.71e11
2017,187,3.8e11
2018,187,3.89e11
2019,187,3.93e11
2020,187,3.73e11
1995,188,3.03e11
1996,188,3.06e11
1997,188,3.29e11
1998,188,3.44e11
1999,188,3.64e11
2000,188,3.8e11
2001,188,3.93e11
2002,188,4.1e11
2003,188,4.3e11
2004,188,4.7e11
2005,188,5.13e11
2006,188,5.61e11
2007,188,6.25e11
2008,188,6.83e11
2009,188,7.4e11
2010,188,7.85e11
2011,188,8.49e11
2012,188,9.12e11
2013,188,9.78e11
2014,188,1.06e12
2015,188,1.14e12
2016,188,1.21e12
2017,188,1.27e12
2018,188,1.35e12
2019,188,1.43e12
2020,188,1.45e12
1995,189,2.12e9
1996,189,2.28e9
1997,189,2.45e9
1998,189,2.58e9
1999,189,2.55e9
2000,189,2.67e9
2001,189,2.73e9
2002,189,2.48e9
2003,189,2.58e9
2004,189,2.71e9
2005,189,2.85e9
2006,189,3.18e9
2007,189,3.38e9
2008,189,3.81e9
2009,189,3.8e9
2010,189,3.84e9
2011,189,3.87e9
2012,189,3.8e9
2013,189,4.12e9
2014,189,4.26e9
2015,189,4.25e9
2016,189,4.34e9
2017,189,4.5e9
2018,189,4.73e9
2019,189,4.89e9
2020,189,4.43e9
1995,190,7.81e11
1996,190,8.54e11
1997,190,9.17e11
1998,190,9.69e11
1999,190,1.04e12
2000,190,1.14e12
2001,190,1.23e12
2002,190,1.32e12
2003,190,1.42e12
2004,190,1.55e12
2005,190,1.7e12
2006,190,1.84e12
2007,190,1.97e12
2008,190,2.09e12
2009,190,2.23e12
2010,190,2.32e12
2011,190,2.52e12
2012,190,2.66e12
2013,190,2.8e12
2014,190,2.97e12
2015,190,3.11e12
2016,190,3.28e12
2017,190,3.49e12
2018,190,3.81e12
2019,190,4.1e12
2020,190,4.23e12
1995,191,2.92e11
1996,191,2.65e11
1997,191,2.9e11
1998,191,3.28e11
1999,191,3.36e11
2000,191,3.77e11
2001,191,4.06e11
2002,191,4.25e11
2003,191,4.39e11
2004,191,4.47e11
2005,191,4.84e11
2006,191,5.19e11
2007,191,5.38e11
2008,191,5.49e11
2009,191,5.82e11
2010,191,6.2e11
2011,191,5.42e11
2012,191,5.66e11
2013,191,5.96e11
2014,191,5.94e11
2015,191,4.35e11
2016,191,3.96e11
2017,191,3.77e11
2018,191,3.83e11
2019,191,3.89e11
2020,191,3.71e11
1995,192,6.8e10
1996,192,6.98e10
1997,192,9.5e10
1998,192,8.86e10
1999,192,9.43e10
2000,192,9.08e10
2001,192,9.93e10
2002,192,1.08e11
2003,192,1.24e11
2004,192,1.33e11
2005,192,1.53e11
2006,192,1.75e11
2007,192,1.93e11
2008,192,2.17e11
2009,192,2.53e11
2010,192,2.7e11
2011,192,2.91e11
2012,192,3.23e11
2013,192,3.18e11
2014,192,3.51e11
2015,192,3.64e11
2016,192,3.76e11
2017,192,3.84e11
2018,192,4.12e11
2019,192,4.16e11
2020,192,4.01e11
1995,193,1.2e11
1996,193,1.41e11
1997,193,1.45e11
1998,193,1.47e11
1999,193,1.5e11
2000,193,1.48e11
2001,193,1.62e11
2002,193,1.5e11
2003,193,1.17e11
2004,193,7.14e10
2005,193,3.94e10
2006,193,4.38e10
2007,193,4.79e10
2008,193,3.94e10
2009,193,4.35e10
2010,193,5.37e10
2011,193,6.34e10
2012,193,7.65e10
2013,193,7.86e10
2014,193,8.21e10
2015,193,8.47e10
2016,193,8.58e10
2017,193,9.09e10
2018,193,9.72e10
2019,193,7.47e10
2020,193,7.e10
